Time,PacketsReceived,Distance
1.00369,1,11.0037
1.10369,2,11.1037
1.20369,3,11.2037
1.30369,4,11.3037
1.40369,5,11.4037
1.50369,6,11.5037
1.60369,7,11.6037
1.70369,8,11.7037
1.80369,9,11.8037
1.90369,10,11.9037
2.00369,11,12.0037
2.10369,12,12.1037
2.20369,13,12.2037
2.30369,14,12.3037
2.40369,15,12.4037
2.50369,16,12.5037
2.60369,17,12.6037
2.70369,18,12.7037
2.80369,19,12.8037
2.90369,20,12.9037
3.00369,21,13.0037
3.10369,22,13.1037
3.20369,23,13.2037
3.30369,24,13.3037
3.40369,25,13.4037
3.50369,26,13.5037
3.60369,27,13.6037
3.70369,28,13.7037
3.80369,29,13.8037
3.90369,30,13.9037
4.00369,31,14.0037
4.10369,32,14.1037
4.20369,33,14.2037
4.30369,34,14.3037
4.40369,35,14.4037
4.60369,36,14.6037
4.70369,37,14.7037
4.80369,38,14.8037
4.90369,39,14.9037
5.00369,40,15.0037
5.10369,41,15.1037
5.20369,42,15.2037
5.30369,43,15.3037
5.40369,44,15.4037
5.50369,45,15.5037
5.60369,46,15.6037
5.70369,47,15.7037
5.80369,48,15.8037
5.90369,49,15.9037
6.00369,50,16.0037
6.10369,51,16.1037
6.20369,52,16.2037
6.30369,53,16.3037
6.40369,54,16.4037
6.50369,55,16.5037
6.60369,56,16.6037
6.70369,57,16.7037
6.80369,58,16.8037
6.90369,59,16.9037
7.00369,60,17.0037
7.10369,61,17.1037
7.20369,62,17.2037
7.30369,63,17.3037
7.40369,64,17.4037
7.50369,65,17.5037
7.60369,66,17.6037
7.70369,67,17.7037
7.80369,68,17.8037
7.90369,69,17.9037
8.00369,70,18.0037
8.10369,71,18.1037
8.20369,72,18.2037
8.30369,73,18.3037
8.40369,74,18.4037
8.50369,75,18.5037
8.60369,76,18.6037
8.70369,77,18.7037
8.80369,78,18.8037
8.90369,79,18.9037
9.00369,80,19.0037
9.10369,81,19.1037
9.20369,82,19.2037
9.30369,83,19.3037
9.40369,84,19.4037
9.50369,85,19.5037
9.60369,86,19.6037
9.70369,87,19.7037
9.80369,88,19.8037
9.90369,89,19.9037
10.0037,90,20.0037
10.1037,91,20.1037
10.2037,92,20.2037
10.3037,93,20.3037
10.4037,94,20.4037
10.5037,95,20.5037
10.6037,96,20.6037
10.7037,97,20.7037
10.8037,98,20.8037
10.9037,99,20.9037
11.1037,100,21.1037
11.2037,101,21.2037
11.3037,102,21.3037
11.4037,103,21.4037
11.5037,104,21.5037
11.6037,105,21.6037
11.7037,106,21.7037
11.8037,107,21.8037
12.0037,108,22.0037
12.1037,109,22.1037
12.2037,110,22.2037
12.3037,111,22.3037
12.4037,112,22.4037
12.5037,113,22.5037
12.6037,114,22.6037
12.7037,115,22.7037
12.8037,116,22.8037
12.9037,117,22.9037
13.0037,118,23.0037
13.1037,119,23.1037
13.2037,120,23.2037
13.3037,121,23.3037
13.4037,122,23.4037
13.5037,123,23.5037
13.6037,124,23.6037
13.7037,125,23.7037
13.8037,126,23.8037
13.9037,127,23.9037
14.0037,128,24.0037
14.1037,129,24.1037
14.2037,130,24.2037
14.3037,131,24.3037
14.4037,132,24.4037
14.5037,133,24.5037
14.6037,134,24.6037
14.7037,135,24.7037
14.8037,136,24.8037
14.9037,137,24.9037
15.0037,138,25.0037
15.1037,139,25.1037
15.2037,140,25.2037
15.3037,141,25.3037
15.4037,142,25.4037
15.5037,143,25.5037
15.6037,144,25.6037
15.7037,145,25.7037
15.8037,146,25.8037
15.9037,147,25.9037
16.0037,148,26.0037
16.1037,149,26.1037
16.2037,150,26.2037
16.3037,151,26.3037
16.4037,152,26.4037
16.5037,153,26.5037
16.6037,154,26.6037
16.7037,155,26.7037
16.8037,156,26.8037
16.9037,157,26.9037
17.0037,158,27.0037
17.1037,159,27.1037
17.2037,160,27.2037
17.3037,161,27.3037
17.4037,162,27.4037
17.5037,163,27.5037
17.6037,164,27.6037
17.7037,165,27.7037
17.8037,166,27.8037
17.9037,167,27.9037
18.0037,168,28.0037
18.1037,169,28.1037
18.2037,170,28.2037
18.3037,171,28.3037
18.4037,172,28.4037
18.5037,173,28.5037
18.6037,174,28.6037
18.7037,175,28.7037
18.8037,176,28.8037
18.9037,177,28.9037
19.0037,178,29.0037
19.1037,179,29.1037
19.2037,180,29.2037
19.3037,181,29.3037
19.4037,182,29.4037
19.5037,183,29.5037
19.6037,184,29.6037
19.7037,185,29.7037
19.8037,186,29.8037
19.9037,187,29.9037
20.0037,188,30.0037
20.1037,189,30.1037
20.2037,190,30.2037
20.3037,191,30.3037
20.4037,192,30.4037
20.5037,193,30.5037
20.6037,194,30.6037
20.7037,195,30.7037
20.8037,196,30.8037
20.9037,197,30.9037
21.0037,198,31.0037
21.1037,199,31.1037
21.2037,200,31.2037
21.3037,201,31.3037
21.4037,202,31.4037
21.5037,203,31.5037
21.6037,204,31.6037
21.7037,205,31.7037
21.8037,206,31.8037
21.9037,207,31.9037
22.0037,208,32.0037
22.1037,209,32.1037
22.2037,210,32.2037
22.3037,211,32.3037
22.4037,212,32.4037
22.5037,213,32.5037
22.6037,214,32.6037
22.7037,215,32.7037
22.8037,216,32.8037
22.9037,217,32.9037
23.0037,218,33.0037
23.1037,219,33.1037
23.2037,220,33.2037
23.3037,221,33.3037
23.4037,222,33.4037
23.5037,223,33.5037
23.6037,224,33.6037
23.7037,225,33.7037
23.8037,226,33.8037
23.9037,227,33.9037
24.0037,228,34.0037
24.1037,229,34.1037
24.2037,230,34.2037
24.3037,231,34.3037
24.4037,232,34.4037
24.5037,233,34.5037
24.6037,234,34.6037
24.7037,235,34.7037
24.8037,236,34.8037
24.9037,237,34.9037
25.0037,238,35.0037
25.1037,239,35.1037
25.2037,240,35.2037
25.3037,241,35.3037
25.4037,242,35.4037
25.5037,243,35.5037
25.6037,244,35.6037
25.7037,245,35.7037
25.8037,246,35.8037
25.9037,247,35.9037
26.0037,248,36.0037
26.1037,249,36.1037
26.2037,250,36.2037
26.3037,251,36.3037
26.4037,252,36.4037
26.5037,253,36.5037
26.6037,254,36.6037
26.7037,255,36.7037
26.8037,256,36.8037
26.9037,257,36.9037
27.0037,258,37.0037
27.1037,259,37.1037
27.2037,260,37.2037
27.3037,261,37.3037
27.4037,262,37.4037
27.5037,263,37.5037
27.6037,264,37.6037
27.7037,265,37.7037
27.8037,266,37.8037
27.9037,267,37.9037
28.0037,268,38.0037
28.1037,269,38.1037
28.2037,270,38.2037
28.3037,271,38.3037
28.4037,272,38.4037
28.5037,273,38.5037
28.6037,274,38.6037
28.7037,275,38.7037
28.8037,276,38.8037
28.9037,277,38.9037
29.0037,278,39.0037
29.1037,279,39.1037
29.2037,280,39.2037
29.3037,281,39.3037
29.4037,282,39.4037
29.5037,283,39.5037
29.6037,284,39.6037
29.7037,285,39.7037
29.8037,286,39.8037
29.9037,287,39.9037
30.0037,288,40.0037
30.1037,289,40.1037
30.2037,290,40.2037
30.3037,291,40.3037
30.4037,292,40.4037
30.5037,293,40.5037
30.6037,294,40.6037
30.7037,295,40.7037
30.8037,296,40.8037
30.9037,297,40.9037
31.0037,298,41.0037
31.1037,299,41.1037
31.2037,300,41.2037
31.3037,301,41.3037
31.4037,302,41.4037
31.5037,303,41.5037
31.6037,304,41.6037
31.7037,305,41.7037
31.8037,306,41.8037
31.9037,307,41.9037
32.0037,308,42.0037
32.1037,309,42.1037
32.2037,310,42.2037
32.3037,311,42.3037
32.4037,312,42.4037
32.5037,313,42.5037
32.6037,314,42.6037
32.7037,315,42.7037
32.8037,316,42.8037
32.9037,317,42.9037
33.0037,318,43.0037
33.1037,319,43.1037
33.2037,320,43.2037
33.3037,321,43.3037
33.4037,322,43.4037
33.5037,323,43.5037
33.6037,324,43.6037
33.7037,325,43.7037
33.8037,326,43.8037
33.9037,327,43.9037
34.0037,328,44.0037
34.1037,329,44.1037
34.2037,330,44.2037
34.3037,331,44.3037
34.4037,332,44.4037
34.5037,333,44.5037
34.6037,334,44.6037
34.7037,335,44.7037
34.8037,336,44.8037
34.9037,337,44.9037
35.0037,338,45.0037
35.1037,339,45.1037
35.2037,340,45.2037
35.3037,341,45.3037
35.4037,342,45.4037
35.5037,343,45.5037
35.6037,344,45.6037
35.7037,345,45.7037
35.8037,346,45.8037
35.9037,347,45.9037
36.0037,348,46.0037
36.1037,349,46.1037
36.2037,350,46.2037
36.3037,351,46.3037
36.4037,352,46.4037
36.5037,353,46.5037
36.6037,354,46.6037
36.7037,355,46.7037
36.8037,356,46.8037
36.9037,357,46.9037
37.0037,358,47.0037
37.1037,359,47.1037
37.2037,360,47.2037
37.3037,361,47.3037
37.4037,362,47.4037
37.5037,363,47.5037
37.6037,364,47.6037
37.7037,365,47.7037
37.8037,366,47.8037
37.9037,367,47.9037
38.0037,368,48.0037
38.2037,369,48.2037
38.3037,370,48.3037
38.5037,371,48.5037
38.6037,372,48.6037
38.7037,373,48.7037
38.8037,374,48.8037
38.9037,375,48.9037
39.0037,376,49.0037
39.1037,377,49.1037
39.2037,378,49.2037
39.3037,379,49.3037
39.4037,380,49.4037
39.5037,381,49.5037
39.6037,382,49.6037
39.7037,383,49.7037
39.8037,384,49.8037
39.9037,385,49.9037
40.0037,386,50.0037
40.2037,387,50.2037
40.3037,388,50.3037
40.4037,389,50.4037
40.5037,390,50.5037
40.6037,391,50.6037
40.7037,392,50.7037
40.8037,393,50.8037
40.9037,394,50.9037
41.0037,395,51.0037
41.1037,396,51.1037
41.2037,397,51.2037
41.3037,398,51.3037
41.4037,399,51.4037
41.5037,400,51.5037
41.6037,401,51.6037
41.7037,402,51.7037
41.8037,403,51.8037
41.9037,404,51.9037
42.0037,405,52.0037
42.1037,406,52.1037
42.2037,407,52.2037
42.3037,408,52.3037
42.4037,409,52.4037
42.5037,410,52.5037
42.6037,411,52.6037
42.7037,412,52.7037
42.8037,413,52.8037
42.9037,414,52.9037
43.0037,415,53.0037
43.1037,416,53.1037
43.2037,417,53.2037
43.3037,418,53.3037
43.4037,419,53.4037
43.5037,420,53.5037
43.6037,421,53.6037
43.7037,422,53.7037
43.8037,423,53.8037
43.9037,424,53.9037
44.0037,425,54.0037
44.1037,426,54.1037
44.2037,427,54.2037
44.3037,428,54.3037
44.4037,429,54.4037
44.6037,430,54.6037
44.7037,431,54.7037
44.8037,432,54.8037
44.9037,433,54.9037
45.0037,434,55.0037
45.1037,435,55.1037
45.2037,436,55.2037
45.3037,437,55.3037
45.4037,438,55.4037
45.5037,439,55.5037
45.6037,440,55.6037
45.7037,441,55.7037
45.8037,442,55.8037
45.9037,443,55.9037
46.0037,444,56.0037
46.1037,445,56.1037
46.2037,446,56.2037
46.3037,447,56.3037
46.4037,448,56.4037
46.5037,449,56.5037
46.6037,450,56.6037
46.7037,451,56.7037
46.8037,452,56.8037
46.9037,453,56.9037
47.0037,454,57.0037
47.1037,455,57.1037
47.2037,456,57.2037
47.3037,457,57.3037
47.4037,458,57.4037
47.5037,459,57.5037
47.6037,460,57.6037
47.7037,461,57.7037
47.8037,462,57.8037
47.9037,463,57.9037
48.0037,464,58.0037
48.1037,465,58.1037
48.2037,466,58.2037
48.3037,467,58.3037
48.4037,468,58.4037
48.5037,469,58.5037
48.6037,470,58.6037
48.7037,471,58.7037
48.8037,472,58.8037
48.9037,473,58.9037
49.0037,474,59.0037
49.1037,475,59.1037
49.2037,476,59.2037
49.3037,477,59.3037
49.4037,478,59.4037
49.5037,479,59.5037
49.6037,480,59.6037
49.7037,481,59.7037
49.8037,482,59.8037
49.9037,483,59.9037
50.0037,484,60.0037
50.1037,485,60.1037
50.2037,486,60.2037
50.3037,487,60.3037
50.4037,488,60.4037
50.5037,489,60.5037
50.6037,490,60.6037
50.7037,491,60.7037
50.9037,492,60.9037
51.0037,493,61.0037
51.1037,494,61.1037
51.2037,495,61.2037
51.3037,496,61.3037
51.4037,497,61.4037
51.5037,498,61.5037
51.6037,499,61.6037
51.7037,500,61.7037
51.8037,501,61.8037
51.9037,502,61.9037
52.0037,503,62.0037
52.1037,504,62.1037
52.2037,505,62.2037
52.3037,506,62.3037
52.4037,507,62.4037
52.5037,508,62.5037
52.6037,509,62.6037
52.7037,510,62.7037
52.8037,511,62.8037
52.9037,512,62.9037
53.0037,513,63.0037
53.1037,514,63.1037
53.2037,515,63.2037
53.3037,516,63.3037
53.4037,517,63.4037
53.5037,518,63.5037
53.6037,519,63.6037
53.7037,520,63.7037
53.8037,521,63.8037
53.9037,522,63.9037
54.0037,523,64.0037
54.1037,524,64.1037
54.2037,525,64.2037
54.3037,526,64.3037
54.4037,527,64.4037
54.5037,528,64.5037
54.6037,529,64.6037
54.7037,530,64.7037
54.8037,531,64.8037
54.9037,532,64.9037
55.0037,533,65.0037
55.1037,534,65.1037
55.2037,535,65.2037
55.3037,536,65.3037
55.4037,537,65.4037
55.5037,538,65.5037
55.6037,539,65.6037
55.7037,540,65.7037
55.8037,541,65.8037
55.9037,542,65.9037
56.0037,543,66.0037
56.1037,544,66.1037
56.2037,545,66.2037
56.3037,546,66.3037
56.4037,547,66.4037
56.5037,548,66.5037
56.6037,549,66.6037
56.7037,550,66.7037
56.8037,551,66.8037
56.9037,552,66.9037
57.0037,553,67.0037
57.1037,554,67.1037
57.2037,555,67.2037
57.3037,556,67.3037
57.4037,557,67.4037
57.5037,558,67.5037
57.6037,559,67.6037
57.7037,560,67.7037
57.8037,561,67.8037
57.9037,562,67.9037
58.0037,563,68.0037
58.1037,564,68.1037
58.2037,565,68.2037
58.3037,566,68.3037
58.4037,567,68.4037
58.5037,568,68.5037
58.6037,569,68.6037
58.7037,570,68.7037
58.8037,571,68.8037
58.9037,572,68.9037
59.0037,573,69.0037
59.1037,574,69.1037
59.2037,575,69.2037
59.3037,576,69.3037
59.4037,577,69.4037
59.5037,578,69.5037
59.6037,579,69.6037
59.7037,580,69.7037
59.8037,581,69.8037
59.9037,582,69.9037
60.0037,583,70.0037
60.1037,584,70.1037
60.2037,585,70.2037
60.3037,586,70.3037
60.4037,587,70.4037
60.5037,588,70.5037
60.6037,589,70.6037
60.7037,590,70.7037
60.8037,591,70.8037
60.9037,592,70.9037
61.0037,593,71.0037
61.1037,594,71.1037
61.2037,595,71.2037
61.3037,596,71.3037
61.4037,597,71.4037
61.5037,598,71.5037
61.6037,599,71.6037
61.7037,600,71.7037
61.8037,601,71.8037
61.9037,602,71.9037
62.0037,603,72.0037
62.1037,604,72.1037
62.2037,605,72.2037
62.3037,606,72.3037
62.4037,607,72.4037
62.5037,608,72.5037
62.6037,609,72.6037
62.7037,610,72.7037
62.8037,611,72.8037
63.0037,612,73.0037
63.1037,613,73.1037
63.2037,614,73.2037
63.3037,615,73.3037
63.4037,616,73.4037
63.5037,617,73.5037
63.6037,618,73.6037
63.7037,619,73.7037
63.8037,620,73.8037
64.0037,621,74.0037
64.1037,622,74.1037
64.2037,623,74.2037
64.3037,624,74.3037
64.4037,625,74.4037
64.5037,626,74.5037
64.6037,627,74.6037
64.7037,628,74.7037
64.8037,629,74.8037
64.9037,630,74.9037
65.0037,631,75.0037
65.1037,632,75.1037
65.2037,633,75.2037
65.3037,634,75.3037
65.4037,635,75.4037
65.5037,636,75.5037
65.6037,637,75.6037
65.7037,638,75.7037
65.8037,639,75.8037
65.9037,640,75.9037
66.0037,641,76.0037
66.1037,642,76.1037
66.2037,643,76.2037
66.3037,644,76.3037
66.4037,645,76.4037
66.5037,646,76.5037
66.6037,647,76.6037
66.7037,648,76.7037
66.8037,649,76.8037
66.9037,650,76.9037
67.0037,651,77.0037
67.1037,652,77.1037
67.2037,653,77.2037
67.3037,654,77.3037
67.4037,655,77.4037
67.5037,656,77.5037
67.6037,657,77.6037
67.7037,658,77.7037
67.8037,659,77.8037
67.9037,660,77.9037
68.0037,661,78.0037
68.1037,662,78.1037
68.2037,663,78.2037
68.3037,664,78.3037
68.4037,665,78.4037
68.5037,666,78.5037
68.6037,667,78.6037
68.7037,668,78.7037
68.8037,669,78.8037
68.9037,670,78.9037
69.0037,671,79.0037
69.1037,672,79.1037
69.2037,673,79.2037
69.3037,674,79.3037
69.4037,675,79.4037
69.5037,676,79.5037
69.6037,677,79.6037
69.7037,678,79.7037
69.8037,679,79.8037
69.9037,680,79.9037
70.0037,681,80.0037
70.1037,682,80.1037
70.2037,683,80.2037
70.3037,684,80.3037
70.4037,685,80.4037
70.5037,686,80.5037
70.6037,687,80.6037
70.7037,688,80.7037
70.8037,689,80.8037
70.9037,690,80.9037
71.0037,691,81.0037
71.1037,692,81.1037
71.2037,693,81.2037
71.3037,694,81.3037
71.4037,695,81.4037
71.5037,696,81.5037
71.6037,697,81.6037
71.7037,698,81.7037
71.8037,699,81.8037
71.9037,700,81.9037
72.0037,701,82.0037
72.1037,702,82.1037
72.2037,703,82.2037
72.3037,704,82.3037
72.4037,705,82.4037
72.5037,706,82.5037
72.6037,707,82.6037
72.7037,708,82.7037
72.8037,709,82.8037
72.9037,710,82.9037
73.0037,711,83.0037
73.1037,712,83.1037
73.2037,713,83.2037
73.3037,714,83.3037
73.4037,715,83.4037
73.5037,716,83.5037
73.6037,717,83.6037
73.7037,718,83.7037
73.8037,719,83.8037
73.9037,720,83.9037
74.0037,721,84.0037
74.1037,722,84.1037
74.2037,723,84.2037
74.3037,724,84.3037
74.4037,725,84.4037
74.5037,726,84.5037
74.6037,727,84.6037
74.7037,728,84.7037
74.8037,729,84.8037
74.9037,730,84.9037
75.0037,731,85.0037
75.1037,732,85.1037
75.2037,733,85.2037
75.3037,734,85.3037
75.4037,735,85.4037
75.5037,736,85.5037
75.6037,737,85.6037
75.7037,738,85.7037
75.8037,739,85.8037
75.9037,740,85.9037
76.0037,741,86.0037
76.1037,742,86.1037
76.2037,743,86.2037
76.3037,744,86.3037
76.4037,745,86.4037
76.5037,746,86.5037
76.6037,747,86.6037
76.7037,748,86.7037
76.8037,749,86.8037
76.9037,750,86.9037
77.0037,751,87.0037
77.1037,752,87.1037
77.2037,753,87.2037
77.3037,754,87.3037
77.4037,755,87.4037
77.5037,756,87.5037
77.6037,757,87.6037
77.7037,758,87.7037
77.8037,759,87.8037
77.9037,760,87.9037
78.0037,761,88.0037
78.1037,762,88.1037
78.2037,763,88.2037
78.3037,764,88.3037
78.4037,765,88.4037
78.5037,766,88.5037
78.6037,767,88.6037
78.7037,768,88.7037
78.8037,769,88.8037
78.9037,770,88.9037
79.0037,771,89.0037
79.1037,772,89.1037
79.2037,773,89.2037
79.4037,774,89.4037
79.5037,775,89.5037
79.6037,776,89.6037
79.7037,777,89.7037
79.8037,778,89.8037
79.9037,779,89.9037
80.0037,780,90.0037
80.1037,781,90.1037
80.2037,782,90.2037
80.3037,783,90.3037
80.4037,784,90.4037
80.5037,785,90.5037
80.6037,786,90.6037
80.7037,787,90.7037
80.8037,788,90.8037
80.9037,789,90.9037
81.0037,790,91.0037
81.1037,791,91.1037
81.2037,792,91.2037
81.3037,793,91.3037
81.4037,794,91.4037
81.5037,795,91.5037
81.6037,796,91.6037
81.7037,797,91.7037
81.8037,798,91.8037
81.9037,799,91.9037
82.0037,800,92.0037
82.1037,801,92.1037
82.2037,802,92.2037
82.3037,803,92.3037
82.4037,804,92.4037
82.5037,805,92.5037
82.6037,806,92.6037
82.7037,807,92.7037
82.8037,808,92.8037
82.9037,809,92.9037
83.0037,810,93.0037
83.1037,811,93.1037
83.2037,812,93.2037
83.3037,813,93.3037
83.4037,814,93.4037
83.5037,815,93.5037
83.6037,816,93.6037
83.7037,817,93.7037
83.8037,818,93.8037
83.9037,819,93.9037
84.0037,820,94.0037
84.1037,821,94.1037
84.2037,822,94.2037
84.3037,823,94.3037
84.4037,824,94.4037
84.5037,825,94.5037
84.6037,826,94.6037
84.7037,827,94.7037
84.8037,828,94.8037
84.9037,829,94.9037
85.0037,830,95.0037
85.1037,831,95.1037
85.2037,832,95.2037
85.3037,833,95.3037
85.4037,834,95.4037
85.5037,835,95.5037
85.6037,836,95.6037
85.7037,837,95.7037
85.8037,838,95.8037
85.9037,839,95.9037
86.0037,840,96.0037
86.1037,841,96.1037
86.2037,842,96.2037
86.3037,843,96.3037
86.4037,844,96.4037
86.5037,845,96.5037
86.6037,846,96.6037
86.7037,847,96.7037
86.8037,848,96.8037
86.9037,849,96.9037
87.0037,850,97.0037
87.1037,851,97.1037
87.2037,852,97.2037
87.3037,853,97.3037
87.4037,854,97.4037
87.5037,855,97.5037
87.6037,856,97.6037
87.7037,857,97.7037
87.8037,858,97.8037
87.9037,859,97.9037
88.0037,860,98.0037
88.1037,861,98.1037
88.2037,862,98.2037
88.3037,863,98.3037
88.4037,864,98.4037
88.5037,865,98.5037
88.6037,866,98.6037
88.7037,867,98.7037
88.8037,868,98.8037
88.9037,869,98.9037
89.0037,870,99.0037
89.1037,871,99.1037
89.2037,872,99.2037
89.3037,873,99.3037
89.4037,874,99.4037
89.5037,875,99.5037
89.6037,876,99.6037
89.7037,877,99.7037
89.8037,878,99.8037
89.9037,879,99.9037
90.0037,880,100.004
90.1037,881,100.104
90.2037,882,100.204
90.3037,883,100.304
90.5037,884,100.504
90.6037,885,100.604
90.7037,886,100.704
90.8037,887,100.804
90.9037,888,100.904
91.0037,889,101.004
91.1037,890,101.104
91.2037,891,101.204
91.3037,892,101.304
91.4037,893,101.404
91.5037,894,101.504
91.6037,895,101.604
91.7037,896,101.704
91.8037,897,101.804
91.9037,898,101.904
92.0037,899,102.004
92.1037,900,102.104
92.2037,901,102.204
92.3037,902,102.304
92.4037,903,102.404
92.5037,904,102.504
92.6037,905,102.604
92.7037,906,102.704
92.8037,907,102.804
92.9037,908,102.904
93.0037,909,103.004
93.1037,910,103.104
93.2037,911,103.204
93.3037,912,103.304
93.4037,913,103.404
93.5037,914,103.504
93.6037,915,103.604
93.7037,916,103.704
93.8037,917,103.804
93.9037,918,103.904
94.0037,919,104.004
94.1037,920,104.104
94.2037,921,104.204
94.3037,922,104.304
94.4037,923,104.404
94.5037,924,104.504
94.6037,925,104.604
94.7037,926,104.704
94.8037,927,104.804
94.9037,928,104.904
95.0037,929,105.004
95.1037,930,105.104
95.2037,931,105.204
95.3037,932,105.304
95.4037,933,105.404
95.5037,934,105.504
95.6037,935,105.604
95.7037,936,105.704
95.8037,937,105.804
95.9037,938,105.904
96.0037,939,106.004
96.1037,940,106.104
96.2037,941,106.204
96.3037,942,106.304
96.4037,943,106.404
96.5037,944,106.504
96.6037,945,106.604
96.7037,946,106.704
96.8037,947,106.804
96.9037,948,106.904
97.1037,949,107.104
97.2037,950,107.204
97.3037,951,107.304
97.4037,952,107.404
97.5037,953,107.504
97.6037,954,107.604
97.7037,955,107.704
97.8037,956,107.804
97.9037,957,107.904
98.0037,958,108.004
98.1037,959,108.104
98.2037,960,108.204
98.3037,961,108.304
98.4037,962,108.404
98.5037,963,108.504
98.6037,964,108.604
98.7037,965,108.704
98.8037,966,108.804
98.9037,967,108.904
99.0037,968,109.004
99.1037,969,109.104
99.2037,970,109.204
99.3037,971,109.304
99.4037,972,109.404
99.5037,973,109.504
99.6037,974,109.604
99.7037,975,109.704
99.8037,976,109.804
99.9037,977,109.904
100.004,978,110.004
100.104,979,110.104
100.204,980,110.204
100.304,981,110.304
100.404,982,110.404
100.504,983,110.504
100.604,984,110.604
100.704,985,110.704
100.804,986,110.804
100.904,987,110.904
101.004,988,111.004
101.104,989,111.104
101.204,990,111.204
101.304,991,111.304
101.404,992,111.404
101.504,993,111.504
101.604,994,111.604
101.704,995,111.704
101.804,996,111.804
101.904,997,111.904
102.004,998,112.004
102.104,999,112.104
102.204,1000,112.204
102.304,1001,112.304
102.404,1002,112.404
102.504,1003,112.504
102.604,1004,112.604
102.704,1005,112.704
102.804,1006,112.804
102.904,1007,112.904
103.004,1008,113.004
103.104,1009,113.104
103.204,1010,113.204
103.304,1011,113.304
103.404,1012,113.404
103.504,1013,113.504
103.604,1014,113.604
103.704,1015,113.704
103.804,1016,113.804
103.904,1017,113.904
104.004,1018,114.004
104.104,1019,114.104
104.204,1020,114.204
104.304,1021,114.304
104.404,1022,114.404
104.504,1023,114.504
104.604,1024,114.604
104.704,1025,114.704
104.804,1026,114.804
104.904,1027,114.904
105.004,1028,115.004
105.104,1029,115.104
105.204,1030,115.204
105.304,1031,115.304
105.404,1032,115.404
105.504,1033,115.504
105.604,1034,115.604
105.704,1035,115.704
105.804,1036,115.804
105.904,1037,115.904
106.004,1038,116.004
106.104,1039,116.104
106.204,1040,116.204
106.304,1041,116.304
106.404,1042,116.404
106.504,1043,116.504
106.604,1044,116.604
106.704,1045,116.704
106.804,1046,116.804
106.904,1047,116.904
107.004,1048,117.004
107.104,1049,117.104
107.204,1050,117.204
107.304,1051,117.304
107.404,1052,117.404
107.504,1053,117.504
107.604,1054,117.604
107.704,1055,117.704
107.804,1056,117.804
107.904,1057,117.904
108.004,1058,118.004
108.104,1059,118.104
108.204,1060,118.204
108.304,1061,118.304
108.404,1062,118.404
108.504,1063,118.504
108.604,1064,118.604
108.704,1065,118.704
108.804,1066,118.804
108.904,1067,118.904
109.004,1068,119.004
109.104,1069,119.104
109.204,1070,119.204
109.304,1071,119.304
109.404,1072,119.404
109.504,1073,119.504
109.604,1074,119.604
109.704,1075,119.704
109.804,1076,119.804
109.904,1077,119.904
110.004,1078,120.004
110.104,1079,120.104
110.204,1080,120.204
110.304,1081,120.304
110.404,1082,120.404
110.504,1083,120.504
110.604,1084,120.604
110.704,1085,120.704
110.804,1086,120.804
110.904,1087,120.904
111.004,1088,121.004
111.104,1089,121.104
111.204,1090,121.204
111.304,1091,121.304
111.404,1092,121.404
111.504,1093,121.504
111.604,1094,121.604
111.704,1095,121.704
111.804,1096,121.804
111.904,1097,121.904
112.004,1098,122.004
112.104,1099,122.104
112.204,1100,122.204
112.304,1101,122.304
112.404,1102,122.404
112.504,1103,122.504
112.604,1104,122.604
112.704,1105,122.704
112.804,1106,122.804
112.904,1107,122.904
113.004,1108,123.004
113.104,1109,123.104
113.204,1110,123.204
113.304,1111,123.304
113.404,1112,123.404
113.504,1113,123.504
113.604,1114,123.604
113.704,1115,123.704
113.804,1116,123.804
113.904,1117,123.904
114.004,1118,124.004
114.104,1119,124.104
114.204,1120,124.204
114.304,1121,124.304
114.404,1122,124.404
114.504,1123,124.504
114.604,1124,124.604
114.704,1125,124.704
114.804,1126,124.804
114.904,1127,124.904
115.004,1128,125.004
115.104,1129,125.104
115.204,1130,125.204
115.304,1131,125.304
115.404,1132,125.404
115.504,1133,125.504
115.604,1134,125.604
115.704,1135,125.704
115.804,1136,125.804
115.904,1137,125.904
116.004,1138,126.004
116.104,1139,126.104
116.204,1140,126.204
116.304,1141,126.304
116.404,1142,126.404
116.504,1143,126.504
116.604,1144,126.604
116.704,1145,126.704
116.804,1146,126.804
116.904,1147,126.904
117.004,1148,127.004
117.204,1149,127.204
117.304,1150,127.304
117.404,1151,127.404
117.504,1152,127.504
117.604,1153,127.604
117.704,1154,127.704
117.804,1155,127.804
117.904,1156,127.904
118.004,1157,128.004
118.104,1158,128.104
118.204,1159,128.204
118.304,1160,128.304
118.404,1161,128.404
118.504,1162,128.504
118.604,1163,128.604
118.704,1164,128.704
118.804,1165,128.804
118.904,1166,128.904
119.004,1167,129.004
119.104,1168,129.104
119.204,1169,129.204
119.304,1170,129.304
119.404,1171,129.404
119.504,1172,129.504
119.604,1173,129.604
119.704,1174,129.704
119.804,1175,129.804
119.904,1176,129.904
120.004,1177,130.004
120.104,1178,130.104
120.204,1179,130.204
120.304,1180,130.304
120.404,1181,130.404
120.504,1182,130.504
120.604,1183,130.604
120.704,1184,130.704
120.804,1185,130.804
120.904,1186,130.904
121.004,1187,131.004
121.104,1188,131.104
121.204,1189,131.204
121.304,1190,131.304
121.404,1191,131.404
121.504,1192,131.504
121.604,1193,131.604
121.704,1194,131.704
121.804,1195,131.804
121.904,1196,131.904
122.004,1197,132.004
122.104,1198,132.104
122.204,1199,132.204
122.304,1200,132.304
122.404,1201,132.404
122.504,1202,132.504
122.604,1203,132.604
122.704,1204,132.704
122.804,1205,132.804
122.904,1206,132.904
123.004,1207,133.004
123.104,1208,133.104
123.204,1209,133.204
123.304,1210,133.304
123.404,1211,133.404
123.504,1212,133.504
123.604,1213,133.604
123.704,1214,133.704
123.804,1215,133.804
123.904,1216,133.904
124.004,1217,134.004
124.104,1218,134.104
124.204,1219,134.204
124.304,1220,134.304
124.404,1221,134.404
124.504,1222,134.504
124.604,1223,134.604
124.704,1224,134.704
124.804,1225,134.804
124.904,1226,134.904
125.004,1227,135.004
125.104,1228,135.104
125.204,1229,135.204
125.304,1230,135.304
125.404,1231,135.404
125.504,1232,135.504
125.604,1233,135.604
125.704,1234,135.704
125.804,1235,135.804
125.904,1236,135.904
126.004,1237,136.004
126.104,1238,136.104
126.204,1239,136.204
126.304,1240,136.304
126.404,1241,136.404
126.504,1242,136.504
126.604,1243,136.604
126.704,1244,136.704
126.804,1245,136.804
126.904,1246,136.904
127.004,1247,137.004
127.104,1248,137.104
127.204,1249,137.204
127.304,1250,137.304
127.404,1251,137.404
127.504,1252,137.504
127.604,1253,137.604
127.704,1254,137.704
127.804,1255,137.804
127.904,1256,137.904
128.004,1257,138.004
128.104,1258,138.104
128.204,1259,138.204
128.304,1260,138.304
128.404,1261,138.404
128.504,1262,138.504
128.604,1263,138.604
128.704,1264,138.704
128.804,1265,138.804
128.904,1266,138.904
129.004,1267,139.004
129.104,1268,139.104
129.204,1269,139.204
129.304,1270,139.304
129.404,1271,139.404
129.504,1272,139.504
129.604,1273,139.604
129.704,1274,139.704
129.804,1275,139.804
129.904,1276,139.904
130.004,1277,140.004
130.104,1278,140.104
130.204,1279,140.204
130.304,1280,140.304
130.404,1281,140.404
130.504,1282,140.504
130.604,1283,140.604
130.704,1284,140.704
130.804,1285,140.804
130.904,1286,140.904
131.004,1287,141.004
131.104,1288,141.104
131.204,1289,141.204
131.304,1290,141.304
131.404,1291,141.404
131.504,1292,141.504
131.604,1293,141.604
131.704,1294,141.704
131.804,1295,141.804
131.904,1296,141.904
132.004,1297,142.004
132.104,1298,142.104
132.204,1299,142.204
132.304,1300,142.304
132.404,1301,142.404
132.504,1302,142.504
132.604,1303,142.604
132.704,1304,142.704
132.904,1305,142.904
133.004,1306,143.004
133.104,1307,143.104
133.204,1308,143.204
133.304,1309,143.304
133.404,1310,143.404
133.504,1311,143.504
133.604,1312,143.604
133.704,1313,143.704
133.804,1314,143.804
133.904,1315,143.904
134.004,1316,144.004
134.104,1317,144.104
134.204,1318,144.204
134.304,1319,144.304
134.404,1320,144.404
134.504,1321,144.504
134.604,1322,144.604
134.704,1323,144.704
134.804,1324,144.804
134.904,1325,144.904
135.004,1326,145.004
135.104,1327,145.104
135.204,1328,145.204
135.304,1329,145.304
135.404,1330,145.404
135.504,1331,145.504
135.604,1332,145.604
135.704,1333,145.704
135.804,1334,145.804
135.904,1335,145.904
136.004,1336,146.004
136.104,1337,146.104
136.204,1338,146.204
136.304,1339,146.304
136.404,1340,146.404
136.504,1341,146.504
136.604,1342,146.604
136.704,1343,146.704
136.804,1344,146.804
136.904,1345,146.904
137.004,1346,147.004
137.104,1347,147.104
137.204,1348,147.204
137.304,1349,147.304
137.404,1350,147.404
137.504,1351,147.504
137.604,1352,147.604
137.704,1353,147.704
137.804,1354,147.804
137.904,1355,147.904
138.004,1356,148.004
138.104,1357,148.104
138.204,1358,148.204
138.304,1359,148.304
138.404,1360,148.404
138.504,1361,148.504
138.604,1362,148.604
138.704,1363,148.704
138.804,1364,148.804
138.904,1365,148.904
139.004,1366,149.004
139.104,1367,149.104
139.204,1368,149.204
139.304,1369,149.304
139.404,1370,149.404
139.504,1371,149.504
139.604,1372,149.604
139.704,1373,149.704
139.804,1374,149.804
139.904,1375,149.904
140.004,1376,150.004
140.104,1377,150.104
140.204,1378,150.204
140.304,1379,150.304
140.404,1380,150.404
140.504,1381,150.504
140.604,1382,150.604
140.704,1383,150.704
140.804,1384,150.804
140.904,1385,150.904
141.004,1386,151.004
141.104,1387,151.104
141.204,1388,151.204
141.304,1389,151.304
141.404,1390,151.404
141.504,1391,151.504
141.604,1392,151.604
141.704,1393,151.704
141.804,1394,151.804
141.904,1395,151.904
142.004,1396,152.004
142.104,1397,152.104
142.204,1398,152.204
142.304,1399,152.304
142.404,1400,152.404
142.504,1401,152.504
142.604,1402,152.604
142.704,1403,152.704
142.804,1404,152.804
142.904,1405,152.904
143.004,1406,153.004
143.104,1407,153.104
143.204,1408,153.204
143.304,1409,153.304
143.404,1410,153.404
143.504,1411,153.504
143.604,1412,153.604
143.704,1413,153.704
143.804,1414,153.804
143.904,1415,153.904
144.004,1416,154.004
144.104,1417,154.104
144.204,1418,154.204
144.304,1419,154.304
144.404,1420,154.404
144.504,1421,154.504
144.604,1422,154.604
144.704,1423,154.704
144.804,1424,154.804
144.904,1425,154.904
145.004,1426,155.004
145.104,1427,155.104
145.204,1428,155.204
145.304,1429,155.304
145.404,1430,155.404
145.504,1431,155.504
145.604,1432,155.604
145.704,1433,155.704
145.804,1434,155.804
145.904,1435,155.904
146.004,1436,156.004
146.104,1437,156.104
146.204,1438,156.204
146.304,1439,156.304
146.404,1440,156.404
146.504,1441,156.504
146.604,1442,156.604
146.704,1443,156.704
146.804,1444,156.804
146.904,1445,156.904
147.004,1446,157.004
147.104,1447,157.104
147.204,1448,157.204
147.304,1449,157.304
147.404,1450,157.404
147.504,1451,157.504
147.604,1452,157.604
147.704,1453,157.704
147.804,1454,157.804
147.904,1455,157.904
148.004,1456,158.004
148.104,1457,158.104
148.204,1458,158.204
148.304,1459,158.304
148.404,1460,158.404
148.504,1461,158.504
148.604,1462,158.604
148.704,1463,158.704
148.804,1464,158.804
148.904,1465,158.904
149.004,1466,159.004
149.104,1467,159.104
149.204,1468,159.204
149.304,1469,159.304
149.404,1470,159.404
149.504,1471,159.504
149.604,1472,159.604
149.704,1473,159.704
149.804,1474,159.804
149.904,1475,159.904
150.004,1476,160.004
150.104,1477,160.104
150.204,1478,160.204
150.304,1479,160.304
150.404,1480,160.404
150.504,1481,160.504
150.604,1482,160.604
150.704,1483,160.704
150.804,1484,160.804
150.904,1485,160.904
151.004,1486,161.004
151.104,1487,161.104
151.204,1488,161.204
151.304,1489,161.304
151.404,1490,161.404
151.504,1491,161.504
151.604,1492,161.604
151.704,1493,161.704
151.804,1494,161.804
151.904,1495,161.904
152.004,1496,162.004
152.104,1497,162.104
152.204,1498,162.204
152.304,1499,162.304
152.404,1500,162.404
152.504,1501,162.504
152.604,1502,162.604
152.704,1503,162.704
152.804,1504,162.804
152.904,1505,162.904
153.004,1506,163.004
153.104,1507,163.104
153.204,1508,163.204
153.304,1509,163.304
153.404,1510,163.404
153.504,1511,163.504
153.604,1512,163.604
153.704,1513,163.704
153.804,1514,163.804
153.904,1515,163.904
154.004,1516,164.004
154.104,1517,164.104
154.204,1518,164.204
154.304,1519,164.304
154.404,1520,164.404
154.504,1521,164.504
154.604,1522,164.604
154.704,1523,164.704
154.904,1524,164.904
155.004,1525,165.004
155.104,1526,165.104
155.204,1527,165.204
155.304,1528,165.304
155.404,1529,165.404
155.504,1530,165.504
155.704,1531,165.704
155.804,1532,165.804
155.904,1533,165.904
156.004,1534,166.004
156.104,1535,166.104
156.204,1536,166.204
156.304,1537,166.304
156.404,1538,166.404
156.504,1539,166.504
156.604,1540,166.604
156.704,1541,166.704
156.804,1542,166.804
156.904,1543,166.904
157.004,1544,167.004
157.104,1545,167.104
157.204,1546,167.204
157.304,1547,167.304
157.404,1548,167.404
157.504,1549,167.504
157.604,1550,167.604
157.704,1551,167.704
157.804,1552,167.804
157.904,1553,167.904
158.004,1554,168.004
158.104,1555,168.104
158.204,1556,168.204
158.304,1557,168.304
158.404,1558,168.404
158.504,1559,168.504
158.604,1560,168.604
158.704,1561,168.704
158.804,1562,168.804
158.904,1563,168.904
159.004,1564,169.004
159.104,1565,169.104
159.204,1566,169.204
159.304,1567,169.304
159.404,1568,169.404
159.504,1569,169.504
159.604,1570,169.604
159.704,1571,169.704
159.804,1572,169.804
159.904,1573,169.904
160.004,1574,170.004
160.104,1575,170.104
160.204,1576,170.204
160.304,1577,170.304
160.404,1578,170.404
160.504,1579,170.504
160.604,1580,170.604
160.704,1581,170.704
160.804,1582,170.804
160.904,1583,170.904
161.004,1584,171.004
161.104,1585,171.104
161.204,1586,171.204
161.304,1587,171.304
161.404,1588,171.404
161.504,1589,171.504
161.604,1590,171.604
161.704,1591,171.704
161.804,1592,171.804
161.904,1593,171.904
162.004,1594,172.004
162.104,1595,172.104
162.204,1596,172.204
162.304,1597,172.304
162.404,1598,172.404
162.504,1599,172.504
162.604,1600,172.604
162.704,1601,172.704
162.804,1602,172.804
162.904,1603,172.904
163.004,1604,173.004
163.104,1605,173.104
163.204,1606,173.204
163.304,1607,173.304
163.404,1608,173.404
163.504,1609,173.504
163.604,1610,173.604
163.704,1611,173.704
163.804,1612,173.804
163.904,1613,173.904
164.004,1614,174.004
164.104,1615,174.104
164.204,1616,174.204
164.304,1617,174.304
164.404,1618,174.404
164.504,1619,174.504
164.604,1620,174.604
164.704,1621,174.704
164.804,1622,174.804
164.904,1623,174.904
165.004,1624,175.004
165.104,1625,175.104
165.204,1626,175.204
165.304,1627,175.304
165.404,1628,175.404
165.504,1629,175.504
165.604,1630,175.604
165.704,1631,175.704
165.804,1632,175.804
165.904,1633,175.904
166.004,1634,176.004
166.104,1635,176.104
166.204,1636,176.204
166.304,1637,176.304
166.404,1638,176.404
166.504,1639,176.504
166.604,1640,176.604
166.704,1641,176.704
166.804,1642,176.804
166.904,1643,176.904
167.004,1644,177.004
167.104,1645,177.104
167.204,1646,177.204
167.304,1647,177.304
167.504,1648,177.504
167.604,1649,177.604
167.704,1650,177.704
167.804,1651,177.804
167.904,1652,177.904
168.004,1653,178.004
168.104,1654,178.104
168.204,1655,178.204
168.304,1656,178.304
168.404,1657,178.404
168.504,1658,178.504
168.604,1659,178.604
168.704,1660,178.704
168.804,1661,178.804
168.904,1662,178.904
169.004,1663,179.004
169.104,1664,179.104
169.204,1665,179.204
169.304,1666,179.304
169.404,1667,179.404
169.504,1668,179.504
169.604,1669,179.604
169.704,1670,179.704
169.804,1671,179.804
169.904,1672,179.904
170.004,1673,180.004
170.104,1674,180.104
170.204,1675,180.204
170.304,1676,180.304
170.404,1677,180.404
170.504,1678,180.504
170.604,1679,180.604
170.704,1680,180.704
170.804,1681,180.804
170.904,1682,180.904
171.004,1683,181.004
171.104,1684,181.104
171.204,1685,181.204
171.304,1686,181.304
171.404,1687,181.404
171.504,1688,181.504
171.604,1689,181.604
171.704,1690,181.704
171.804,1691,181.804
171.904,1692,181.904
172.004,1693,182.004
172.104,1694,182.104
172.204,1695,182.204
172.304,1696,182.304
172.404,1697,182.404
172.504,1698,182.504
172.604,1699,182.604
172.704,1700,182.704
172.804,1701,182.804
172.904,1702,182.904
173.004,1703,183.004
173.104,1704,183.104
173.204,1705,183.204
173.304,1706,183.304
173.404,1707,183.404
173.504,1708,183.504
173.604,1709,183.604
173.704,1710,183.704
173.904,1711,183.904
174.004,1712,184.004
174.104,1713,184.104
174.204,1714,184.204
174.304,1715,184.304
174.404,1716,184.404
174.504,1717,184.504
174.604,1718,184.604
174.704,1719,184.704
174.804,1720,184.804
174.904,1721,184.904
175.004,1722,185.004
175.104,1723,185.104
175.204,1724,185.204
175.304,1725,185.304
175.404,1726,185.404
175.504,1727,185.504
175.604,1728,185.604
175.704,1729,185.704
175.804,1730,185.804
175.904,1731,185.904
176.004,1732,186.004
176.104,1733,186.104
176.204,1734,186.204
176.404,1735,186.404
176.504,1736,186.504
176.604,1737,186.604
176.704,1738,186.704
176.804,1739,186.804
176.904,1740,186.904
177.004,1741,187.004
177.104,1742,187.104
177.204,1743,187.204
177.304,1744,187.304
177.404,1745,187.404
177.504,1746,187.504
177.604,1747,187.604
177.704,1748,187.704
177.804,1749,187.804
177.904,1750,187.904
178.004,1751,188.004
178.104,1752,188.104
178.204,1753,188.204
178.304,1754,188.304
178.404,1755,188.404
178.504,1756,188.504
178.604,1757,188.604
178.704,1758,188.704
178.804,1759,188.804
178.904,1760,188.904
179.004,1761,189.004
179.104,1762,189.104
179.204,1763,189.204
179.304,1764,189.304
179.404,1765,189.404
179.504,1766,189.504
179.604,1767,189.604
179.704,1768,189.704
179.804,1769,189.804
179.904,1770,189.904
180.004,1771,190.004
180.104,1772,190.104
180.204,1773,190.204
180.304,1774,190.304
180.404,1775,190.404
180.504,1776,190.504
180.604,1777,190.604
180.704,1778,190.704
180.804,1779,190.804
180.904,1780,190.904
181.104,1781,191.104
181.204,1782,191.204
181.304,1783,191.304
181.404,1784,191.404
181.504,1785,191.504
181.604,1786,191.604
181.704,1787,191.704
181.804,1788,191.804
181.904,1789,191.904
182.004,1790,192.004
182.104,1791,192.104
182.204,1792,192.204
182.304,1793,192.304
182.404,1794,192.404
182.504,1795,192.504
182.604,1796,192.604
182.704,1797,192.704
182.804,1798,192.804
182.904,1799,192.904
183.004,1800,193.004
183.104,1801,193.104
183.204,1802,193.204
183.304,1803,193.304
183.404,1804,193.404
183.504,1805,193.504
183.604,1806,193.604
183.704,1807,193.704
183.804,1808,193.804
183.904,1809,193.904
184.004,1810,194.004
184.104,1811,194.104
184.204,1812,194.204
184.304,1813,194.304
184.404,1814,194.404
184.504,1815,194.504
184.604,1816,194.604
184.704,1817,194.704
184.804,1818,194.804
184.904,1819,194.904
185.004,1820,195.004
185.104,1821,195.104
185.204,1822,195.204
185.304,1823,195.304
185.404,1824,195.404
185.504,1825,195.504
185.604,1826,195.604
185.704,1827,195.704
185.804,1828,195.804
185.904,1829,195.904
186.004,1830,196.004
186.104,1831,196.104
186.204,1832,196.204
186.304,1833,196.304
186.404,1834,196.404
186.504,1835,196.504
186.604,1836,196.604
186.704,1837,196.704
186.804,1838,196.804
186.904,1839,196.904
187.004,1840,197.004
187.104,1841,197.104
187.204,1842,197.204
187.304,1843,197.304
187.404,1844,197.404
187.504,1845,197.504
187.604,1846,197.604
187.704,1847,197.704
187.804,1848,197.804
187.904,1849,197.904
188.004,1850,198.004
188.204,1851,198.204
188.304,1852,198.304
188.404,1853,198.404
188.504,1854,198.504
188.604,1855,198.604
188.704,1856,198.704
188.804,1857,198.804
188.904,1858,198.904
189.004,1859,199.004
189.104,1860,199.104
189.204,1861,199.204
189.304,1862,199.304
189.404,1863,199.404
189.504,1864,199.504
189.604,1865,199.604
189.704,1866,199.704
189.804,1867,199.804
189.904,1868,199.904
190.004,1869,200.004
190.104,1870,200.104
190.204,1871,200.204
190.304,1872,200.304
190.404,1873,200.404
190.504,1874,200.504
190.604,1875,200.604
190.704,1876,200.704
190.804,1877,200.804
190.904,1878,200.904
191.004,1879,201.004
191.104,1880,201.104
191.204,1881,201.204
191.304,1882,201.304
191.404,1883,201.404
191.504,1884,201.504
191.604,1885,201.604
191.704,1886,201.704
191.804,1887,201.804
191.904,1888,201.904
192.004,1889,202.004
192.104,1890,202.104
192.204,1891,202.204
192.304,1892,202.304
192.404,1893,202.404
192.504,1894,202.504
192.604,1895,202.604
192.704,1896,202.704
192.804,1897,202.804
192.904,1898,202.904
193.004,1899,203.004
193.104,1900,203.104
193.204,1901,203.204
193.304,1902,203.304
193.404,1903,203.404
193.504,1904,203.504
193.604,1905,203.604
193.704,1906,203.704
193.804,1907,203.804
193.904,1908,203.904
194.004,1909,204.004
194.104,1910,204.104
194.204,1911,204.204
194.304,1912,204.304
194.404,1913,204.404
194.504,1914,204.504
194.604,1915,204.604
194.704,1916,204.704
194.804,1917,204.804
194.904,1918,204.904
195.004,1919,205.004
195.104,1920,205.104
195.204,1921,205.204
195.304,1922,205.304
195.404,1923,205.404
195.504,1924,205.504
195.604,1925,205.604
195.704,1926,205.704
195.804,1927,205.804
195.904,1928,205.904
196.004,1929,206.004
196.104,1930,206.104
196.204,1931,206.204
196.304,1932,206.304
196.404,1933,206.404
196.504,1934,206.504
196.604,1935,206.604
196.704,1936,206.704
196.804,1937,206.804
196.904,1938,206.904
197.004,1939,207.004
197.104,1940,207.104
197.204,1941,207.204
197.304,1942,207.304
197.404,1943,207.404
197.504,1944,207.504
197.604,1945,207.604
197.704,1946,207.704
197.804,1947,207.804
197.904,1948,207.904
198.004,1949,208.004
198.104,1950,208.104
198.204,1951,208.204
198.304,1952,208.304
198.404,1953,208.404
198.504,1954,208.504
198.604,1955,208.604
198.704,1956,208.704
198.804,1957,208.804
198.904,1958,208.904
199.004,1959,209.004
199.104,1960,209.104
199.204,1961,209.204
199.304,1962,209.304
199.404,1963,209.404
199.504,1964,209.504
199.604,1965,209.604
199.704,1966,209.704
199.804,1967,209.804
199.904,1968,209.904
200.004,1969,210.004
200.104,1970,210.104
200.204,1971,210.204
200.304,1972,210.304
200.404,1973,210.404
200.504,1974,210.504
200.604,1975,210.604
200.704,1976,210.704
200.804,1977,210.804
200.904,1978,210.904
201.004,1979,211.004
201.104,1980,211.104
201.204,1981,211.204
201.304,1982,211.304
201.404,1983,211.404
201.504,1984,211.504
201.604,1985,211.604
201.704,1986,211.704
201.804,1987,211.804
201.904,1988,211.904
202.004,1989,212.004
202.104,1990,212.104
202.204,1991,212.204
202.304,1992,212.304
202.404,1993,212.404
202.504,1994,212.504
202.604,1995,212.604
202.704,1996,212.704
202.804,1997,212.804
202.904,1998,212.904
203.004,1999,213.004
203.104,2000,213.104
203.204,2001,213.204
203.304,2002,213.304
203.404,2003,213.404
203.504,2004,213.504
203.604,2005,213.604
203.704,2006,213.704
203.804,2007,213.804
203.904,2008,213.904
204.004,2009,214.004
204.104,2010,214.104
204.204,2011,214.204
204.304,2012,214.304
204.404,2013,214.404
204.504,2014,214.504
204.604,2015,214.604
204.704,2016,214.704
204.804,2017,214.804
204.904,2018,214.904
205.004,2019,215.004
205.204,2020,215.204
205.304,2021,215.304
205.404,2022,215.404
205.504,2023,215.504
205.604,2024,215.604
205.704,2025,215.704
205.804,2026,215.804
205.904,2027,215.904
206.004,2028,216.004
206.104,2029,216.104
206.204,2030,216.204
206.304,2031,216.304
206.404,2032,216.404
206.504,2033,216.504
206.604,2034,216.604
206.704,2035,216.704
206.804,2036,216.804
206.904,2037,216.904
207.004,2038,217.004
207.104,2039,217.104
207.204,2040,217.204
207.304,2041,217.304
207.404,2042,217.404
207.504,2043,217.504
207.604,2044,217.604
207.704,2045,217.704
207.804,2046,217.804
207.904,2047,217.904
208.004,2048,218.004
208.104,2049,218.104
208.204,2050,218.204
208.304,2051,218.304
208.404,2052,218.404
208.504,2053,218.504
208.604,2054,218.604
208.704,2055,218.704
208.804,2056,218.804
208.904,2057,218.904
209.004,2058,219.004
209.104,2059,219.104
209.204,2060,219.204
209.304,2061,219.304
209.404,2062,219.404
209.504,2063,219.504
209.604,2064,219.604
209.704,2065,219.704
209.804,2066,219.804
209.904,2067,219.904
210.004,2068,220.004
210.104,2069,220.104
210.204,2070,220.204
210.304,2071,220.304
210.404,2072,220.404
210.504,2073,220.504
210.604,2074,220.604
210.704,2075,220.704
210.804,2076,220.804
210.904,2077,220.904
211.004,2078,221.004
211.104,2079,221.104
211.204,2080,221.204
211.304,2081,221.304
211.404,2082,221.404
211.504,2083,221.504
211.604,2084,221.604
211.704,2085,221.704
211.804,2086,221.804
211.904,2087,221.904
212.004,2088,222.004
212.104,2089,222.104
212.204,2090,222.204
212.304,2091,222.304
212.404,2092,222.404
212.504,2093,222.504
212.604,2094,222.604
212.704,2095,222.704
212.804,2096,222.804
212.904,2097,222.904
213.004,2098,223.004
213.104,2099,223.104
213.204,2100,223.204
213.304,2101,223.304
213.404,2102,223.404
213.504,2103,223.504
213.604,2104,223.604
213.704,2105,223.704
213.804,2106,223.804
213.904,2107,223.904
214.004,2108,224.004
214.104,2109,224.104
214.204,2110,224.204
214.304,2111,224.304
214.404,2112,224.404
214.504,2113,224.504
214.604,2114,224.604
214.704,2115,224.704
214.804,2116,224.804
214.904,2117,224.904
215.004,2118,225.004
215.104,2119,225.104
215.204,2120,225.204
215.304,2121,225.304
215.404,2122,225.404
215.504,2123,225.504
215.604,2124,225.604
215.704,2125,225.704
215.804,2126,225.804
215.904,2127,225.904
216.004,2128,226.004
216.104,2129,226.104
216.204,2130,226.204
216.404,2131,226.404
216.504,2132,226.504
216.604,2133,226.604
216.704,2134,226.704
216.804,2135,226.804
216.904,2136,226.904
217.004,2137,227.004
217.104,2138,227.104
217.204,2139,227.204
217.304,2140,227.304
217.404,2141,227.404
217.504,2142,227.504
217.604,2143,227.604
217.704,2144,227.704
217.804,2145,227.804
217.904,2146,227.904
218.004,2147,228.004
218.104,2148,228.104
218.204,2149,228.204
218.304,2150,228.304
218.404,2151,228.404
218.504,2152,228.504
218.604,2153,228.604
218.704,2154,228.704
218.804,2155,228.804
218.904,2156,228.904
219.004,2157,229.004
219.104,2158,229.104
219.204,2159,229.204
219.304,2160,229.304
219.404,2161,229.404
219.504,2162,229.504
219.604,2163,229.604
219.704,2164,229.704
219.804,2165,229.804
219.904,2166,229.904
220.004,2167,230.004
220.104,2168,230.104
220.204,2169,230.204
220.304,2170,230.304
220.404,2171,230.404
220.504,2172,230.504
220.604,2173,230.604
220.704,2174,230.704
220.804,2175,230.804
220.904,2176,230.904
221.004,2177,231.004
221.104,2178,231.104
221.204,2179,231.204
221.404,2180,231.404
221.504,2181,231.504
221.604,2182,231.604
221.704,2183,231.704
221.804,2184,231.804
221.904,2185,231.904
222.004,2186,232.004
222.104,2187,232.104
222.204,2188,232.204
222.304,2189,232.304
222.404,2190,232.404
222.504,2191,232.504
222.604,2192,232.604
222.704,2193,232.704
222.804,2194,232.804
222.904,2195,232.904
223.004,2196,233.004
223.104,2197,233.104
223.204,2198,233.204
223.304,2199,233.304
223.404,2200,233.404
223.504,2201,233.504
223.604,2202,233.604
223.704,2203,233.704
223.804,2204,233.804
223.904,2205,233.904
224.004,2206,234.004
224.104,2207,234.104
224.204,2208,234.204
224.304,2209,234.304
224.404,2210,234.404
224.504,2211,234.504
224.604,2212,234.604
224.704,2213,234.704
224.804,2214,234.804
224.904,2215,234.904
225.004,2216,235.004
225.104,2217,235.104
225.204,2218,235.204
225.304,2219,235.304
225.404,2220,235.404
225.504,2221,235.504
225.604,2222,235.604
225.704,2223,235.704
225.804,2224,235.804
225.904,2225,235.904
226.004,2226,236.004
226.104,2227,236.104
226.204,2228,236.204
226.304,2229,236.304
226.404,2230,236.404
226.504,2231,236.504
226.604,2232,236.604
226.704,2233,236.704
226.804,2234,236.804
226.904,2235,236.904
227.004,2236,237.004
227.104,2237,237.104
227.204,2238,237.204
227.304,2239,237.304
227.404,2240,237.404
227.504,2241,237.504
227.604,2242,237.604
227.704,2243,237.704
227.804,2244,237.804
227.904,2245,237.904
228.004,2246,238.004
228.104,2247,238.104
228.204,2248,238.204
228.304,2249,238.304
228.404,2250,238.404
228.504,2251,238.504
228.604,2252,238.604
228.704,2253,238.704
228.804,2254,238.804
228.904,2255,238.904
229.004,2256,239.004
229.104,2257,239.104
229.204,2258,239.204
229.304,2259,239.304
229.404,2260,239.404
229.504,2261,239.504
229.604,2262,239.604
229.704,2263,239.704
229.804,2264,239.804
229.904,2265,239.904
230.004,2266,240.004
230.104,2267,240.104
230.204,2268,240.204
230.304,2269,240.304
230.404,2270,240.404
230.504,2271,240.504
230.604,2272,240.604
230.704,2273,240.704
230.804,2274,240.804
230.904,2275,240.904
231.004,2276,241.004
231.104,2277,241.104
231.204,2278,241.204
231.304,2279,241.304
231.404,2280,241.404
231.504,2281,241.504
231.604,2282,241.604
231.704,2283,241.704
231.804,2284,241.804
231.904,2285,241.904
232.004,2286,242.004
232.104,2287,242.104
232.204,2288,242.204
232.304,2289,242.304
232.404,2290,242.404
232.504,2291,242.504
232.604,2292,242.604
232.704,2293,242.704
232.804,2294,242.804
232.904,2295,242.904
233.004,2296,243.004
233.104,2297,243.104
233.204,2298,243.204
233.304,2299,243.304
233.404,2300,243.404
233.504,2301,243.504
233.604,2302,243.604
233.704,2303,243.704
233.804,2304,243.804
233.904,2305,243.904
234.004,2306,244.004
234.104,2307,244.104
234.204,2308,244.204
234.304,2309,244.304
234.404,2310,244.404
234.504,2311,244.504
234.604,2312,244.604
234.704,2313,244.704
234.804,2314,244.804
234.904,2315,244.904
235.004,2316,245.004
235.104,2317,245.104
235.204,2318,245.204
235.304,2319,245.304
235.404,2320,245.404
235.504,2321,245.504
235.604,2322,245.604
235.704,2323,245.704
235.804,2324,245.804
235.904,2325,245.904
236.004,2326,246.004
236.104,2327,246.104
236.204,2328,246.204
236.304,2329,246.304
236.404,2330,246.404
236.504,2331,246.504
236.604,2332,246.604
236.704,2333,246.704
236.804,2334,246.804
236.904,2335,246.904
237.004,2336,247.004
237.104,2337,247.104
237.204,2338,247.204
237.304,2339,247.304
237.404,2340,247.404
237.504,2341,247.504
237.604,2342,247.604
237.704,2343,247.704
237.804,2344,247.804
237.904,2345,247.904
238.004,2346,248.004
238.104,2347,248.104
238.204,2348,248.204
238.304,2349,248.304
238.404,2350,248.404
238.504,2351,248.504
238.604,2352,248.604
238.704,2353,248.704
238.804,2354,248.804
238.904,2355,248.904
239.004,2356,249.004
239.104,2357,249.104
239.204,2358,249.204
239.304,2359,249.304
239.404,2360,249.404
239.504,2361,249.504
239.604,2362,249.604
239.704,2363,249.704
239.804,2364,249.804
239.904,2365,249.904
240.004,2366,250.004
240.104,2367,250.104
240.204,2368,250.204
240.304,2369,250.304
240.404,2370,250.404
240.504,2371,250.504
240.604,2372,250.604
240.704,2373,250.704
240.804,2374,250.804
240.904,2375,250.904
241.004,2376,251.004
241.104,2377,251.104
241.204,2378,251.204
241.304,2379,251.304
241.404,2380,251.404
241.504,2381,251.504
241.604,2382,251.604
241.704,2383,251.704
241.804,2384,251.804
241.904,2385,251.904
242.004,2386,252.004
242.104,2387,252.104
242.204,2388,252.204
242.304,2389,252.304
242.404,2390,252.404
242.504,2391,252.504
242.604,2392,252.604
242.704,2393,252.704
242.804,2394,252.804
242.904,2395,252.904
243.004,2396,253.004
243.104,2397,253.104
243.204,2398,253.204
243.304,2399,253.304
243.404,2400,253.404
243.504,2401,253.504
243.604,2402,253.604
243.704,2403,253.704
243.804,2404,253.804
243.904,2405,253.904
244.004,2406,254.004
244.104,2407,254.104
244.204,2408,254.204
244.304,2409,254.304
244.404,2410,254.404
244.504,2411,254.504
244.604,2412,254.604
244.704,2413,254.704
244.804,2414,254.804
244.904,2415,254.904
245.004,2416,255.004
245.104,2417,255.104
245.204,2418,255.204
245.304,2419,255.304
245.404,2420,255.404
245.504,2421,255.504
245.604,2422,255.604
245.704,2423,255.704
245.804,2424,255.804
245.904,2425,255.904
246.004,2426,256.004
246.104,2427,256.104
246.204,2428,256.204
246.304,2429,256.304
246.404,2430,256.404
246.504,2431,256.504
246.604,2432,256.604
246.704,2433,256.704
246.904,2434,256.904
247.004,2435,257.004
247.104,2436,257.104
247.204,2437,257.204
247.304,2438,257.304
247.404,2439,257.404
247.504,2440,257.504
247.604,2441,257.604
247.704,2442,257.704
247.804,2443,257.804
247.904,2444,257.904
248.004,2445,258.004
248.104,2446,258.104
248.204,2447,258.204
248.304,2448,258.304
248.404,2449,258.404
248.504,2450,258.504
248.604,2451,258.604
248.704,2452,258.704
248.804,2453,258.804
248.904,2454,258.904
249.004,2455,259.004
249.104,2456,259.104
249.204,2457,259.204
249.304,2458,259.304
249.404,2459,259.404
249.504,2460,259.504
249.604,2461,259.604
249.704,2462,259.704
249.804,2463,259.804
249.904,2464,259.904
250.004,2465,260.004
250.104,2466,260.104
250.204,2467,260.204
250.304,2468,260.304
250.404,2469,260.404
250.504,2470,260.504
250.604,2471,260.604
250.704,2472,260.704
250.804,2473,260.804
250.904,2474,260.904
251.004,2475,261.004
251.104,2476,261.104
251.204,2477,261.204
251.304,2478,261.304
251.404,2479,261.404
251.504,2480,261.504
251.604,2481,261.604
251.704,2482,261.704
251.804,2483,261.804
251.904,2484,261.904
252.004,2485,262.004
252.104,2486,262.104
252.204,2487,262.204
252.304,2488,262.304
252.404,2489,262.404
252.504,2490,262.504
252.604,2491,262.604
252.704,2492,262.704
252.804,2493,262.804
252.904,2494,262.904
253.004,2495,263.004
253.104,2496,263.104
253.204,2497,263.204
253.304,2498,263.304
253.404,2499,263.404
253.504,2500,263.504
253.604,2501,263.604
253.704,2502,263.704
253.804,2503,263.804
253.904,2504,263.904
254.004,2505,264.004
254.104,2506,264.104
254.204,2507,264.204
254.304,2508,264.304
254.404,2509,264.404
254.504,2510,264.504
254.604,2511,264.604
254.704,2512,264.704
254.804,2513,264.804
254.904,2514,264.904
255.004,2515,265.004
255.104,2516,265.104
255.204,2517,265.204
255.304,2518,265.304
255.404,2519,265.404
255.504,2520,265.504
255.604,2521,265.604
255.704,2522,265.704
255.804,2523,265.804
255.904,2524,265.904
256.004,2525,266.004
256.104,2526,266.104
256.204,2527,266.204
256.304,2528,266.304
256.404,2529,266.404
256.604,2530,266.604
256.704,2531,266.704
256.804,2532,266.804
256.904,2533,266.904
257.004,2534,267.004
257.104,2535,267.104
257.204,2536,267.204
257.304,2537,267.304
257.404,2538,267.404
257.504,2539,267.504
257.604,2540,267.604
257.704,2541,267.704
257.804,2542,267.804
257.904,2543,267.904
258.004,2544,268.004
258.104,2545,268.104
258.204,2546,268.204
258.304,2547,268.304
258.404,2548,268.404
258.504,2549,268.504
258.604,2550,268.604
258.704,2551,268.704
258.804,2552,268.804
258.904,2553,268.904
259.004,2554,269.004
259.104,2555,269.104
259.204,2556,269.204
259.304,2557,269.304
259.404,2558,269.404
259.504,2559,269.504
259.604,2560,269.604
259.704,2561,269.704
259.904,2562,269.904
260.004,2563,270.004
260.104,2564,270.104
260.204,2565,270.204
260.304,2566,270.304
260.404,2567,270.404
260.504,2568,270.504
260.604,2569,270.604
260.704,2570,270.704
260.804,2571,270.804
260.904,2572,270.904
261.004,2573,271.004
261.104,2574,271.104
261.204,2575,271.204
261.304,2576,271.304
261.404,2577,271.404
261.504,2578,271.504
261.604,2579,271.604
261.704,2580,271.704
261.804,2581,271.804
261.904,2582,271.904
262.004,2583,272.004
262.104,2584,272.104
262.204,2585,272.204
262.304,2586,272.304
262.404,2587,272.404
262.504,2588,272.504
262.604,2589,272.604
262.704,2590,272.704
262.804,2591,272.804
262.904,2592,272.904
263.004,2593,273.004
263.104,2594,273.104
263.204,2595,273.204
263.304,2596,273.304
263.404,2597,273.404
263.504,2598,273.504
263.604,2599,273.604
263.704,2600,273.704
263.904,2601,273.904
264.004,2602,274.004
264.104,2603,274.104
264.204,2604,274.204
264.304,2605,274.304
264.404,2606,274.404
264.504,2607,274.504
264.604,2608,274.604
264.704,2609,274.704
264.804,2610,274.804
264.904,2611,274.904
265.004,2612,275.004
265.104,2613,275.104
265.204,2614,275.204
265.304,2615,275.304
265.404,2616,275.404
265.504,2617,275.504
265.604,2618,275.604
265.704,2619,275.704
265.804,2620,275.804
265.904,2621,275.904
266.004,2622,276.004
266.104,2623,276.104
266.204,2624,276.204
266.304,2625,276.304
266.404,2626,276.404
266.504,2627,276.504
266.604,2628,276.604
266.704,2629,276.704
266.804,2630,276.804
266.904,2631,276.904
267.004,2632,277.004
267.104,2633,277.104
267.204,2634,277.204
267.304,2635,277.304
267.404,2636,277.404
267.504,2637,277.504
267.604,2638,277.604
267.704,2639,277.704
267.804,2640,277.804
267.904,2641,277.904
268.004,2642,278.004
268.104,2643,278.104
268.204,2644,278.204
268.304,2645,278.304
268.404,2646,278.404
268.504,2647,278.504
268.604,2648,278.604
268.704,2649,278.704
268.804,2650,278.804
268.904,2651,278.904
269.004,2652,279.004
269.104,2653,279.104
269.204,2654,279.204
269.304,2655,279.304
269.404,2656,279.404
269.504,2657,279.504
269.604,2658,279.604
269.704,2659,279.704
269.804,2660,279.804
269.904,2661,279.904
270.004,2662,280.004
270.104,2663,280.104
270.204,2664,280.204
270.304,2665,280.304
270.404,2666,280.404
270.504,2667,280.504
270.604,2668,280.604
270.704,2669,280.704
270.804,2670,280.804
270.904,2671,280.904
271.004,2672,281.004
271.104,2673,281.104
271.204,2674,281.204
271.304,2675,281.304
271.404,2676,281.404
271.504,2677,281.504
271.604,2678,281.604
271.704,2679,281.704
271.804,2680,281.804
271.904,2681,281.904
272.004,2682,282.004
272.104,2683,282.104
272.204,2684,282.204
272.304,2685,282.304
272.404,2686,282.404
272.504,2687,282.504
272.604,2688,282.604
272.704,2689,282.704
272.804,2690,282.804
272.904,2691,282.904
273.004,2692,283.004
273.104,2693,283.104
273.204,2694,283.204
273.304,2695,283.304
273.404,2696,283.404
273.504,2697,283.504
273.604,2698,283.604
273.704,2699,283.704
273.804,2700,283.804
273.904,2701,283.904
274.004,2702,284.004
274.104,2703,284.104
274.204,2704,284.204
274.304,2705,284.304
274.404,2706,284.404
274.504,2707,284.504
274.604,2708,284.604
274.704,2709,284.704
274.804,2710,284.804
274.904,2711,284.904
275.004,2712,285.004
275.104,2713,285.104
275.204,2714,285.204
275.304,2715,285.304
275.404,2716,285.404
275.504,2717,285.504
275.604,2718,285.604
275.704,2719,285.704
275.804,2720,285.804
275.904,2721,285.904
276.004,2722,286.004
276.104,2723,286.104
276.204,2724,286.204
276.304,2725,286.304
276.404,2726,286.404
276.504,2727,286.504
276.604,2728,286.604
276.704,2729,286.704
276.804,2730,286.804
276.904,2731,286.904
277.004,2732,287.004
277.104,2733,287.104
277.204,2734,287.204
277.304,2735,287.304
277.404,2736,287.404
277.504,2737,287.504
277.604,2738,287.604
277.704,2739,287.704
277.804,2740,287.804
277.904,2741,287.904
278.004,2742,288.004
278.104,2743,288.104
278.204,2744,288.204
278.304,2745,288.304
278.404,2746,288.404
278.504,2747,288.504
278.604,2748,288.604
278.704,2749,288.704
278.804,2750,288.804
278.904,2751,288.904
279.004,2752,289.004
279.104,2753,289.104
279.204,2754,289.204
279.304,2755,289.304
279.404,2756,289.404
279.504,2757,289.504
279.604,2758,289.604
279.704,2759,289.704
279.804,2760,289.804
279.904,2761,289.904
280.004,2762,290.004
280.104,2763,290.104
280.204,2764,290.204
280.304,2765,290.304
280.404,2766,290.404
280.504,2767,290.504
280.604,2768,290.604
280.704,2769,290.704
280.804,2770,290.804
280.904,2771,290.904
281.004,2772,291.004
281.104,2773,291.104
281.204,2774,291.204
281.304,2775,291.304
281.404,2776,291.404
281.504,2777,291.504
281.604,2778,291.604
281.704,2779,291.704
281.804,2780,291.804
282.004,2781,292.004
282.104,2782,292.104
282.204,2783,292.204
282.304,2784,292.304
282.404,2785,292.404
282.504,2786,292.504
282.604,2787,292.604
282.704,2788,292.704
282.804,2789,292.804
282.904,2790,292.904
283.004,2791,293.004
283.104,2792,293.104
283.204,2793,293.204
283.304,2794,293.304
283.404,2795,293.404
283.504,2796,293.504
283.604,2797,293.604
283.704,2798,293.704
283.804,2799,293.804
283.904,2800,293.904
284.004,2801,294.004
284.104,2802,294.104
284.204,2803,294.204
284.304,2804,294.304
284.404,2805,294.404
284.504,2806,294.504
284.604,2807,294.604
284.704,2808,294.704
284.804,2809,294.804
284.904,2810,294.904
285.004,2811,295.004
285.104,2812,295.104
285.204,2813,295.204
285.304,2814,295.304
285.404,2815,295.404
285.504,2816,295.504
285.604,2817,295.604
285.704,2818,295.704
285.804,2819,295.804
285.904,2820,295.904
286.004,2821,296.004
286.104,2822,296.104
286.204,2823,296.204
286.304,2824,296.304
286.404,2825,296.404
286.504,2826,296.504
286.604,2827,296.604
286.704,2828,296.704
286.804,2829,296.804
286.904,2830,296.904
287.004,2831,297.004
287.104,2832,297.104
287.204,2833,297.204
287.304,2834,297.304
287.404,2835,297.404
287.504,2836,297.504
287.604,2837,297.604
287.704,2838,297.704
287.804,2839,297.804
287.904,2840,297.904
288.004,2841,298.004
288.104,2842,298.104
288.204,2843,298.204
288.304,2844,298.304
288.404,2845,298.404
288.504,2846,298.504
288.604,2847,298.604
288.704,2848,298.704
288.804,2849,298.804
288.904,2850,298.904
289.004,2851,299.004
289.104,2852,299.104
289.204,2853,299.204
289.304,2854,299.304
289.404,2855,299.404
289.504,2856,299.504
289.604,2857,299.604
289.704,2858,299.704
289.804,2859,299.804
289.904,2860,299.904
290.004,2861,300.004
290.104,2862,300.104
290.204,2863,300.204
290.304,2864,300.304
290.404,2865,300.404
290.504,2866,300.504
290.604,2867,300.604
290.704,2868,300.704
290.804,2869,300.804
290.904,2870,300.904
291.004,2871,301.004
291.104,2872,301.104
291.204,2873,301.204
291.304,2874,301.304
291.404,2875,301.404
291.504,2876,301.504
291.604,2877,301.604
291.704,2878,301.704
291.804,2879,301.804
291.904,2880,301.904
292.104,2881,302.104
292.204,2882,302.204
292.304,2883,302.304
292.404,2884,302.404
292.504,2885,302.504
292.604,2886,302.604
292.704,2887,302.704
292.804,2888,302.804
292.904,2889,302.904
293.004,2890,303.004
293.104,2891,303.104
293.204,2892,303.204
293.304,2893,303.304
293.404,2894,303.404
293.504,2895,303.504
293.604,2896,303.604
293.704,2897,303.704
293.804,2898,303.804
293.904,2899,303.904
294.004,2900,304.004
294.104,2901,304.104
294.204,2902,304.204
294.304,2903,304.304
294.404,2904,304.404
294.504,2905,304.504
294.604,2906,304.604
294.804,2907,304.804
294.904,2908,304.904
295.004,2909,305.004
295.104,2910,305.104
295.204,2911,305.204
295.304,2912,305.304
295.404,2913,305.404
295.504,2914,305.504
295.604,2915,305.604
295.704,2916,305.704
295.804,2917,305.804
295.904,2918,305.904
296.004,2919,306.004
296.104,2920,306.104
296.204,2921,306.204
296.304,2922,306.304
296.404,2923,306.404
296.504,2924,306.504
296.604,2925,306.604
296.704,2926,306.704
296.804,2927,306.804
296.904,2928,306.904
297.004,2929,307.004
297.104,2930,307.104
297.304,2931,307.304
297.404,2932,307.404
297.504,2933,307.504
297.604,2934,307.604
297.704,2935,307.704
297.804,2936,307.804
297.904,2937,307.904
298.004,2938,308.004
298.104,2939,308.104
298.204,2940,308.204
298.304,2941,308.304
298.404,2942,308.404
298.504,2943,308.504
298.604,2944,308.604
298.704,2945,308.704
298.804,2946,308.804
298.904,2947,308.904
299.004,2948,309.004
299.104,2949,309.104
299.204,2950,309.204
299.304,2951,309.304
299.404,2952,309.404
299.504,2953,309.504
299.604,2954,309.604
299.704,2955,309.704
299.804,2956,309.804
299.904,2957,309.904
300.004,2958,310.004
300.104,2959,310.104
300.204,2960,310.204
300.304,2961,310.304
300.404,2962,310.404
300.604,2963,310.604
300.704,2964,310.704
300.904,2965,310.904
301.004,2966,311.004
301.104,2967,311.104
301.204,2968,311.204
301.304,2969,311.304
301.404,2970,311.404
301.504,2971,311.504
301.604,2972,311.604
301.704,2973,311.704
301.804,2974,311.804
301.904,2975,311.904
302.004,2976,312.004
302.104,2977,312.104
302.204,2978,312.204
302.304,2979,312.304
302.404,2980,312.404
302.504,2981,312.504
302.604,2982,312.604
302.704,2983,312.704
302.804,2984,312.804
302.904,2985,312.904
303.004,2986,313.004
303.104,2987,313.104
303.204,2988,313.204
303.304,2989,313.304
303.404,2990,313.404
303.504,2991,313.504
303.604,2992,313.604
303.704,2993,313.704
303.804,2994,313.804
303.904,2995,313.904
304.004,2996,314.004
304.104,2997,314.104
304.204,2998,314.204
304.304,2999,314.304
304.404,3000,314.404
304.504,3001,314.504
304.604,3002,314.604
304.704,3003,314.704
304.804,3004,314.804
304.904,3005,314.904
305.004,3006,315.004
305.104,3007,315.104
305.204,3008,315.204
305.304,3009,315.304
305.404,3010,315.404
305.504,3011,315.504
305.604,3012,315.604
305.704,3013,315.704
305.804,3014,315.804
305.904,3015,315.904
306.004,3016,316.004
306.104,3017,316.104
306.204,3018,316.204
306.304,3019,316.304
306.404,3020,316.404
306.504,3021,316.504
306.604,3022,316.604
306.704,3023,316.704
306.804,3024,316.804
306.904,3025,316.904
307.004,3026,317.004
307.104,3027,317.104
307.204,3028,317.204
307.304,3029,317.304
307.404,3030,317.404
307.504,3031,317.504
307.604,3032,317.604
307.704,3033,317.704
307.804,3034,317.804
307.904,3035,317.904
308.004,3036,318.004
308.104,3037,318.104
308.204,3038,318.204
308.304,3039,318.304
308.404,3040,318.404
308.504,3041,318.504
308.604,3042,318.604
308.704,3043,318.704
308.804,3044,318.804
308.904,3045,318.904
309.004,3046,319.004
309.104,3047,319.104
309.204,3048,319.204
309.304,3049,319.304
309.404,3050,319.404
309.504,3051,319.504
309.604,3052,319.604
309.704,3053,319.704
309.804,3054,319.804
309.904,3055,319.904
310.004,3056,320.004
310.104,3057,320.104
310.204,3058,320.204
310.304,3059,320.304
310.404,3060,320.404
310.504,3061,320.504
310.604,3062,320.604
310.704,3063,320.704
310.804,3064,320.804
310.904,3065,320.904
311.004,3066,321.004
311.104,3067,321.104
311.204,3068,321.204
311.304,3069,321.304
311.404,3070,321.404
311.504,3071,321.504
311.604,3072,321.604
311.704,3073,321.704
311.804,3074,321.804
311.904,3075,321.904
312.004,3076,322.004
312.104,3077,322.104
312.204,3078,322.204
312.404,3079,322.404
312.504,3080,322.504
312.604,3081,322.604
312.704,3082,322.704
312.804,3083,322.804
312.904,3084,322.904
313.004,3085,323.004
313.104,3086,323.104
313.204,3087,323.204
313.304,3088,323.304
313.404,3089,323.404
313.504,3090,323.504
313.604,3091,323.604
313.704,3092,323.704
313.804,3093,323.804
313.904,3094,323.904
314.004,3095,324.004
314.104,3096,324.104
314.204,3097,324.204
314.304,3098,324.304
314.404,3099,324.404
314.504,3100,324.504
314.604,3101,324.604
314.704,3102,324.704
314.804,3103,324.804
314.904,3104,324.904
315.004,3105,325.004
315.104,3106,325.104
315.204,3107,325.204
315.304,3108,325.304
315.404,3109,325.404
315.504,3110,325.504
315.604,3111,325.604
315.704,3112,325.704
315.804,3113,325.804
315.904,3114,325.904
316.004,3115,326.004
316.104,3116,326.104
316.204,3117,326.204
316.304,3118,326.304
316.404,3119,326.404
316.504,3120,326.504
316.604,3121,326.604
316.704,3122,326.704
316.804,3123,326.804
316.904,3124,326.904
317.004,3125,327.004
317.104,3126,327.104
317.204,3127,327.204
317.304,3128,327.304
317.404,3129,327.404
317.504,3130,327.504
317.604,3131,327.604
317.704,3132,327.704
317.804,3133,327.804
317.904,3134,327.904
318.104,3135,328.104
318.204,3136,328.204
318.304,3137,328.304
318.404,3138,328.404
318.504,3139,328.504
318.604,3140,328.604
318.704,3141,328.704
318.904,3142,328.904
319.004,3143,329.004
319.104,3144,329.104
319.204,3145,329.204
319.304,3146,329.304
319.404,3147,329.404
319.504,3148,329.504
319.604,3149,329.604
319.704,3150,329.704
319.804,3151,329.804
319.904,3152,329.904
320.004,3153,330.004
320.104,3154,330.104
320.204,3155,330.204
320.304,3156,330.304
320.404,3157,330.404
320.504,3158,330.504
320.604,3159,330.604
320.704,3160,330.704
320.804,3161,330.804
320.904,3162,330.904
321.004,3163,331.004
321.104,3164,331.104
321.204,3165,331.204
321.304,3166,331.304
321.404,3167,331.404
321.504,3168,331.504
321.604,3169,331.604
321.704,3170,331.704
321.804,3171,331.804
321.904,3172,331.904
322.004,3173,332.004
322.104,3174,332.104
322.204,3175,332.204
322.404,3176,332.404
322.504,3177,332.504
322.604,3178,332.604
322.704,3179,332.704
322.804,3180,332.804
322.904,3181,332.904
323.004,3182,333.004
323.104,3183,333.104
323.204,3184,333.204
323.304,3185,333.304
323.404,3186,333.404
323.504,3187,333.504
323.604,3188,333.604
323.704,3189,333.704
323.804,3190,333.804
323.904,3191,333.904
324.004,3192,334.004
324.104,3193,334.104
324.204,3194,334.204
324.304,3195,334.304
324.404,3196,334.404
324.504,3197,334.504
324.604,3198,334.604
324.704,3199,334.704
324.804,3200,334.804
324.904,3201,334.904
325.004,3202,335.004
325.104,3203,335.104
325.204,3204,335.204
325.304,3205,335.304
325.404,3206,335.404
325.504,3207,335.504
325.604,3208,335.604
325.704,3209,335.704
325.804,3210,335.804
325.904,3211,335.904
326.004,3212,336.004
326.104,3213,336.104
326.204,3214,336.204
326.304,3215,336.304
326.404,3216,336.404
326.504,3217,336.504
326.604,3218,336.604
326.704,3219,336.704
326.804,3220,336.804
326.904,3221,336.904
327.004,3222,337.004
327.104,3223,337.104
327.204,3224,337.204
327.304,3225,337.304
327.404,3226,337.404
327.504,3227,337.504
327.604,3228,337.604
327.704,3229,337.704
327.804,3230,337.804
327.904,3231,337.904
328.004,3232,338.004
328.104,3233,338.104
328.204,3234,338.204
328.304,3235,338.304
328.404,3236,338.404
328.504,3237,338.504
328.604,3238,338.604
328.704,3239,338.704
328.804,3240,338.804
328.904,3241,338.904
329.004,3242,339.004
329.104,3243,339.104
329.204,3244,339.204
329.304,3245,339.304
329.404,3246,339.404
329.504,3247,339.504
329.604,3248,339.604
329.704,3249,339.704
329.804,3250,339.804
329.904,3251,339.904
330.004,3252,340.004
330.104,3253,340.104
330.204,3254,340.204
330.304,3255,340.304
330.404,3256,340.404
330.504,3257,340.504
330.604,3258,340.604
330.704,3259,340.704
330.804,3260,340.804
330.904,3261,340.904
331.004,3262,341.004
331.104,3263,341.104
331.204,3264,341.204
331.304,3265,341.304
331.404,3266,341.404
331.504,3267,341.504
331.604,3268,341.604
331.704,3269,341.704
331.804,3270,341.804
331.904,3271,341.904
332.004,3272,342.004
332.104,3273,342.104
332.304,3274,342.304
332.404,3275,342.404
332.504,3276,342.504
332.604,3277,342.604
332.704,3278,342.704
332.804,3279,342.804
332.904,3280,342.904
333.004,3281,343.004
333.104,3282,343.104
333.204,3283,343.204
333.304,3284,343.304
333.404,3285,343.404
333.504,3286,343.504
333.604,3287,343.604
333.704,3288,343.704
333.804,3289,343.804
333.904,3290,343.904
334.004,3291,344.004
334.104,3292,344.104
334.204,3293,344.204
334.304,3294,344.304
334.404,3295,344.404
334.504,3296,344.504
334.604,3297,344.604
334.704,3298,344.704
334.804,3299,344.804
334.904,3300,344.904
335.004,3301,345.004
335.104,3302,345.104
335.204,3303,345.204
335.304,3304,345.304
335.404,3305,345.404
335.504,3306,345.504
335.604,3307,345.604
335.704,3308,345.704
335.804,3309,345.804
335.904,3310,345.904
336.004,3311,346.004
336.104,3312,346.104
336.204,3313,346.204
336.304,3314,346.304
336.404,3315,346.404
336.504,3316,346.504
336.604,3317,346.604
336.704,3318,346.704
336.804,3319,346.804
336.904,3320,346.904
337.004,3321,347.004
337.104,3322,347.104
337.204,3323,347.204
337.304,3324,347.304
337.404,3325,347.404
337.504,3326,347.504
337.604,3327,347.604
337.704,3328,347.704
337.804,3329,347.804
337.904,3330,347.904
338.004,3331,348.004
338.104,3332,348.104
338.204,3333,348.204
338.304,3334,348.304
338.404,3335,348.404
338.504,3336,348.504
338.604,3337,348.604
338.704,3338,348.704
338.804,3339,348.804
338.904,3340,348.904
339.004,3341,349.004
339.104,3342,349.104
339.204,3343,349.204
339.304,3344,349.304
339.404,3345,349.404
339.504,3346,349.504
339.604,3347,349.604
339.704,3348,349.704
339.804,3349,349.804
339.904,3350,349.904
340.004,3351,350.004
340.104,3352,350.104
340.204,3353,350.204
340.304,3354,350.304
340.404,3355,350.404
340.504,3356,350.504
340.604,3357,350.604
340.704,3358,350.704
340.804,3359,350.804
340.904,3360,350.904
341.004,3361,351.004
341.104,3362,351.104
341.204,3363,351.204
341.304,3364,351.304
341.404,3365,351.404
341.504,3366,351.504
341.604,3367,351.604
341.704,3368,351.704
341.804,3369,351.804
341.904,3370,351.904
342.004,3371,352.004
342.104,3372,352.104
342.204,3373,352.204
342.304,3374,352.304
342.404,3375,352.404
342.504,3376,352.504
342.604,3377,352.604
342.704,3378,352.704
342.804,3379,352.804
342.904,3380,352.904
343.004,3381,353.004
343.104,3382,353.104
343.204,3383,353.204
343.304,3384,353.304
343.404,3385,353.404
343.504,3386,353.504
343.604,3387,353.604
343.704,3388,353.704
343.804,3389,353.804
343.904,3390,353.904
344.004,3391,354.004
344.104,3392,354.104
344.204,3393,354.204
344.304,3394,354.304
344.404,3395,354.404
344.504,3396,354.504
344.604,3397,354.604
344.704,3398,354.704
344.804,3399,354.804
344.904,3400,354.904
345.004,3401,355.004
345.104,3402,355.104
345.204,3403,355.204
345.304,3404,355.304
345.404,3405,355.404
345.504,3406,355.504
345.604,3407,355.604
345.704,3408,355.704
345.804,3409,355.804
345.904,3410,355.904
346.004,3411,356.004
346.104,3412,356.104
346.204,3413,356.204
346.304,3414,356.304
346.404,3415,356.404
346.504,3416,356.504
346.604,3417,356.604
346.704,3418,356.704
346.804,3419,356.804
346.904,3420,356.904
347.004,3421,357.004
347.104,3422,357.104
347.304,3423,357.304
347.404,3424,357.404
347.504,3425,357.504
347.604,3426,357.604
347.704,3427,357.704
347.804,3428,357.804
347.904,3429,357.904
348.004,3430,358.004
348.104,3431,358.104
348.204,3432,358.204
348.304,3433,358.304
348.404,3434,358.404
348.504,3435,358.504
348.604,3436,358.604
348.704,3437,358.704
348.804,3438,358.804
348.904,3439,358.904
349.004,3440,359.004
349.104,3441,359.104
349.204,3442,359.204
349.304,3443,359.304
349.404,3444,359.404
349.504,3445,359.504
349.604,3446,359.604
349.704,3447,359.704
349.804,3448,359.804
349.904,3449,359.904
350.004,3450,360.004
350.104,3451,360.104
350.204,3452,360.204
350.304,3453,360.304
350.404,3454,360.404
350.504,3455,360.504
350.604,3456,360.604
350.704,3457,360.704
350.804,3458,360.804
350.904,3459,360.904
351.004,3460,361.004
351.104,3461,361.104
351.204,3462,361.204
351.304,3463,361.304
351.404,3464,361.404
351.504,3465,361.504
351.604,3466,361.604
351.704,3467,361.704
351.804,3468,361.804
351.904,3469,361.904
352.004,3470,362.004
352.104,3471,362.104
352.204,3472,362.204
352.304,3473,362.304
352.404,3474,362.404
352.504,3475,362.504
352.604,3476,362.604
352.704,3477,362.704
352.804,3478,362.804
352.904,3479,362.904
353.004,3480,363.004
353.104,3481,363.104
353.204,3482,363.204
353.304,3483,363.304
353.404,3484,363.404
353.504,3485,363.504
353.604,3486,363.604
353.704,3487,363.704
353.804,3488,363.804
353.904,3489,363.904
354.004,3490,364.004
354.104,3491,364.104
354.204,3492,364.204
354.304,3493,364.304
354.404,3494,364.404
354.504,3495,364.504
354.604,3496,364.604
354.704,3497,364.704
354.804,3498,364.804
354.904,3499,364.904
355.004,3500,365.004
355.104,3501,365.104
355.204,3502,365.204
355.304,3503,365.304
355.404,3504,365.404
355.504,3505,365.504
355.604,3506,365.604
355.704,3507,365.704
355.804,3508,365.804
355.904,3509,365.904
356.004,3510,366.004
356.104,3511,366.104
356.204,3512,366.204
356.304,3513,366.304
356.404,3514,366.404
356.504,3515,366.504
356.604,3516,366.604
356.704,3517,366.704
356.804,3518,366.804
356.904,3519,366.904
357.004,3520,367.004
357.104,3521,367.104
357.204,3522,367.204
357.304,3523,367.304
357.404,3524,367.404
357.504,3525,367.504
357.604,3526,367.604
357.804,3527,367.804
357.904,3528,367.904
358.004,3529,368.004
358.104,3530,368.104
358.204,3531,368.204
358.304,3532,368.304
358.404,3533,368.404
358.504,3534,368.504
358.604,3535,368.604
358.704,3536,368.704
358.804,3537,368.804
358.904,3538,368.904
359.004,3539,369.004
359.104,3540,369.104
359.204,3541,369.204
359.304,3542,369.304
359.404,3543,369.404
359.504,3544,369.504
359.604,3545,369.604
359.704,3546,369.704
359.804,3547,369.804
359.904,3548,369.904
360.004,3549,370.004
360.104,3550,370.104
360.204,3551,370.204
360.304,3552,370.304
360.404,3553,370.404
360.504,3554,370.504
360.604,3555,370.604
360.704,3556,370.704
360.804,3557,370.804
360.904,3558,370.904
361.004,3559,371.004
361.104,3560,371.104
361.204,3561,371.204
361.304,3562,371.304
361.404,3563,371.404
361.504,3564,371.504
361.604,3565,371.604
361.704,3566,371.704
361.804,3567,371.804
361.904,3568,371.904
362.004,3569,372.004
362.104,3570,372.104
362.204,3571,372.204
362.304,3572,372.304
362.404,3573,372.404
362.504,3574,372.504
362.604,3575,372.604
362.704,3576,372.704
362.804,3577,372.804
363.004,3578,373.004
363.104,3579,373.104
363.204,3580,373.204
363.304,3581,373.304
363.404,3582,373.404
363.504,3583,373.504
363.604,3584,373.604
363.704,3585,373.704
363.804,3586,373.804
363.904,3587,373.904
364.004,3588,374.004
364.104,3589,374.104
364.204,3590,374.204
364.304,3591,374.304
364.404,3592,374.404
364.504,3593,374.504
364.604,3594,374.604
364.704,3595,374.704
364.804,3596,374.804
364.904,3597,374.904
365.004,3598,375.004
365.104,3599,375.104
365.204,3600,375.204
365.304,3601,375.304
365.404,3602,375.404
365.504,3603,375.504
365.604,3604,375.604
365.704,3605,375.704
365.804,3606,375.804
365.904,3607,375.904
366.004,3608,376.004
366.104,3609,376.104
366.204,3610,376.204
366.304,3611,376.304
366.404,3612,376.404
366.504,3613,376.504
366.604,3614,376.604
366.704,3615,376.704
366.804,3616,376.804
366.904,3617,376.904
367.004,3618,377.004
367.104,3619,377.104
367.204,3620,377.204
367.304,3621,377.304
367.404,3622,377.404
367.504,3623,377.504
367.604,3624,377.604
367.704,3625,377.704
367.804,3626,377.804
367.904,3627,377.904
368.004,3628,378.004
368.104,3629,378.104
368.204,3630,378.204
368.304,3631,378.304
368.404,3632,378.404
368.504,3633,378.504
368.604,3634,378.604
368.704,3635,378.704
368.804,3636,378.804
368.904,3637,378.904
369.004,3638,379.004
369.104,3639,379.104
369.204,3640,379.204
369.304,3641,379.304
369.404,3642,379.404
369.504,3643,379.504
369.604,3644,379.604
369.704,3645,379.704
369.804,3646,379.804
369.904,3647,379.904
370.004,3648,380.004
370.104,3649,380.104
370.204,3650,380.204
370.304,3651,380.304
370.404,3652,380.404
370.504,3653,380.504
370.604,3654,380.604
370.704,3655,380.704
370.804,3656,380.804
370.904,3657,380.904
371.004,3658,381.004
371.104,3659,381.104
371.204,3660,381.204
371.304,3661,381.304
371.404,3662,381.404
371.504,3663,381.504
371.604,3664,381.604
371.704,3665,381.704
371.804,3666,381.804
371.904,3667,381.904
372.004,3668,382.004
372.104,3669,382.104
372.204,3670,382.204
372.304,3671,382.304
372.404,3672,382.404
372.504,3673,382.504
372.604,3674,382.604
372.704,3675,382.704
372.804,3676,382.804
372.904,3677,382.904
373.004,3678,383.004
373.104,3679,383.104
373.204,3680,383.204
373.304,3681,383.304
373.404,3682,383.404
373.504,3683,383.504
373.604,3684,383.604
373.704,3685,383.704
373.804,3686,383.804
373.904,3687,383.904
374.004,3688,384.004
374.104,3689,384.104
374.204,3690,384.204
374.304,3691,384.304
374.404,3692,384.404
374.504,3693,384.504
374.604,3694,384.604
374.704,3695,384.704
374.804,3696,384.804
374.904,3697,384.904
375.004,3698,385.004
375.104,3699,385.104
375.204,3700,385.204
375.304,3701,385.304
375.404,3702,385.404
375.504,3703,385.504
375.604,3704,385.604
375.704,3705,385.704
375.804,3706,385.804
375.904,3707,385.904
376.004,3708,386.004
376.104,3709,386.104
376.204,3710,386.204
376.304,3711,386.304
376.404,3712,386.404
376.504,3713,386.504
376.604,3714,386.604
376.704,3715,386.704
376.804,3716,386.804
376.904,3717,386.904
377.004,3718,387.004
377.104,3719,387.104
377.204,3720,387.204
377.304,3721,387.304
377.404,3722,387.404
377.504,3723,387.504
377.604,3724,387.604
377.704,3725,387.704
377.804,3726,387.804
377.904,3727,387.904
378.004,3728,388.004
378.104,3729,388.104
378.204,3730,388.204
378.304,3731,388.304
378.404,3732,388.404
378.504,3733,388.504
378.604,3734,388.604
378.704,3735,388.704
378.804,3736,388.804
378.904,3737,388.904
379.004,3738,389.004
379.104,3739,389.104
379.204,3740,389.204
379.404,3741,389.404
379.504,3742,389.504
379.604,3743,389.604
379.704,3744,389.704
379.804,3745,389.804
379.904,3746,389.904
380.004,3747,390.004
380.104,3748,390.104
380.204,3749,390.204
380.304,3750,390.304
380.404,3751,390.404
380.604,3752,390.604
380.704,3753,390.704
380.804,3754,390.804
380.904,3755,390.904
381.004,3756,391.004
381.104,3757,391.104
381.204,3758,391.204
381.304,3759,391.304
381.404,3760,391.404
381.504,3761,391.504
381.604,3762,391.604
381.704,3763,391.704
381.804,3764,391.804
381.904,3765,391.904
382.004,3766,392.004
382.104,3767,392.104
382.204,3768,392.204
382.304,3769,392.304
382.404,3770,392.404
382.504,3771,392.504
382.604,3772,392.604
382.704,3773,392.704
382.804,3774,392.804
382.904,3775,392.904
383.004,3776,393.004
383.104,3777,393.104
383.204,3778,393.204
383.304,3779,393.304
383.404,3780,393.404
383.504,3781,393.504
383.604,3782,393.604
383.704,3783,393.704
383.804,3784,393.804
383.904,3785,393.904
384.004,3786,394.004
384.104,3787,394.104
384.204,3788,394.204
384.304,3789,394.304
384.404,3790,394.404
384.504,3791,394.504
384.604,3792,394.604
384.704,3793,394.704
384.804,3794,394.804
384.904,3795,394.904
385.004,3796,395.004
385.104,3797,395.104
385.204,3798,395.204
385.304,3799,395.304
385.404,3800,395.404
385.504,3801,395.504
385.604,3802,395.604
385.704,3803,395.704
385.804,3804,395.804
385.904,3805,395.904
386.004,3806,396.004
386.104,3807,396.104
386.204,3808,396.204
386.304,3809,396.304
386.404,3810,396.404
386.504,3811,396.504
386.604,3812,396.604
386.704,3813,396.704
386.804,3814,396.804
386.904,3815,396.904
387.004,3816,397.004
387.104,3817,397.104
387.204,3818,397.204
387.304,3819,397.304
387.404,3820,397.404
387.504,3821,397.504
387.604,3822,397.604
387.704,3823,397.704
387.804,3824,397.804
387.904,3825,397.904
388.004,3826,398.004
388.104,3827,398.104
388.204,3828,398.204
388.304,3829,398.304
388.404,3830,398.404
388.504,3831,398.504
388.604,3832,398.604
388.704,3833,398.704
388.904,3834,398.904
389.004,3835,399.004
389.104,3836,399.104
389.204,3837,399.204
389.304,3838,399.304
389.404,3839,399.404
389.604,3840,399.604
389.704,3841,399.704
389.804,3842,399.804
389.904,3843,399.904
390.004,3844,400.004
390.104,3845,400.104
390.204,3846,400.204
390.304,3847,400.304
390.404,3848,400.404
390.504,3849,400.504
390.604,3850,400.604
390.704,3851,400.704
390.804,3852,400.804
390.904,3853,400.904
391.004,3854,401.004
391.104,3855,401.104
391.204,3856,401.204
391.304,3857,401.304
391.404,3858,401.404
391.504,3859,401.504
391.604,3860,401.604
391.704,3861,401.704
391.804,3862,401.804
391.904,3863,401.904
392.004,3864,402.004
392.104,3865,402.104
392.204,3866,402.204
392.304,3867,402.304
392.404,3868,402.404
392.504,3869,402.504
392.604,3870,402.604
392.704,3871,402.704
392.804,3872,402.804
392.904,3873,402.904
393.004,3874,403.004
393.104,3875,403.104
393.204,3876,403.204
393.404,3877,403.404
393.504,3878,403.504
393.604,3879,403.604
393.704,3880,403.704
393.804,3881,403.804
393.904,3882,403.904
394.004,3883,404.004
394.104,3884,404.104
394.204,3885,404.204
394.304,3886,404.304
394.404,3887,404.404
394.504,3888,404.504
394.604,3889,404.604
394.704,3890,404.704
394.804,3891,404.804
394.904,3892,404.904
395.004,3893,405.004
395.104,3894,405.104
395.204,3895,405.204
395.304,3896,405.304
395.404,3897,405.404
395.504,3898,405.504
395.604,3899,405.604
395.704,3900,405.704
395.804,3901,405.804
395.904,3902,405.904
396.004,3903,406.004
396.104,3904,406.104
396.204,3905,406.204
396.304,3906,406.304
396.404,3907,406.404
396.504,3908,406.504
396.604,3909,406.604
396.704,3910,406.704
396.804,3911,406.804
396.904,3912,406.904
397.004,3913,407.004
397.104,3914,407.104
397.204,3915,407.204
397.304,3916,407.304
397.404,3917,407.404
397.504,3918,407.504
397.604,3919,407.604
397.704,3920,407.704
397.804,3921,407.804
397.904,3922,407.904
398.004,3923,408.004
398.104,3924,408.104
398.204,3925,408.204
398.304,3926,408.304
398.404,3927,408.404
398.504,3928,408.504
398.604,3929,408.604
398.704,3930,408.704
398.804,3931,408.804
398.904,3932,408.904
399.004,3933,409.004
399.104,3934,409.104
399.204,3935,409.204
399.304,3936,409.304
399.404,3937,409.404
399.504,3938,409.504
399.604,3939,409.604
399.704,3940,409.704
399.804,3941,409.804
399.904,3942,409.904
